order_item_id,order_id,product_id,quantity
50000,3467,113,3
50001,2307,45,2
50002,2338,28,2
50003,2609,120,3
50004,3356,28,1
50005,1606,3,2
50006,2949,42,1
50007,2632,25,1
50008,1552,27,1
50009,1803,57,2
50010,2008,29,2
50011,3359,14,1
50012,2734,27,1
50013,1099,66,3
50014,2432,55,1
50015,1956,12,1
50016,1638,63,2
50017,1604,90,2
50018,1056,24,1
50019,2359,18,3
50020,1867,17,2
50021,1578,61,1
50022,2542,57,2
50023,2163,20,2
50024,2111,1,3
50025,2475,81,2
50026,2198,93,2
50027,1407,116,2
50028,3445,26,2
50029,3296,101,4
50030,1162,37,1
50031,1643,12,3
50032,2455,48,4
50033,2129,89,1
50034,2585,81,4
50035,1923,13,1
50036,1562,13,1
50037,1931,39,1
50038,1625,30,2
50039,3220,5,1
50040,3379,47,2
50041,3145,114,1
50042,1594,59,2
50043,3282,24,1
50044,1754,25,1
50045,2695,110,1
50046,2814,69,2
50047,1538,20,2
50048,2093,60,2
50049,1106,36,2
50050,1549,40,1
50051,1753,96,2
50052,2940,7,2
50053,1061,114,3
50054,1911,67,2
50055,2799,96,1
50056,2330,88,1
50057,3490,73,2
50058,2281,39,1
50059,1157,35,1
50060,2871,82,2
50061,3203,22,1
50062,3284,22,2
50063,2247,70,3
50064,2889,10,1
50065,3117,115,1
50066,2850,17,3
50067,3238,14,3
50068,2324,26,1
50069,1827,83,2
50070,2024,26,1
50071,1467,72,1
50072,1349,33,1
50073,1654,33,1
50074,1179,71,1
50075,1614,5,1
50076,1732,62,1
50077,2827,26,2
50078,1481,87,3
50079,1050,36,2
50080,3226,80,2
50081,3411,55,1
50082,2679,40,1
50083,3241,38,1
50084,1850,5,2
50085,1595,99,2
50086,3471,23,2
50087,1730,10,2
50088,3436,58,2
50089,3371,22,2
50090,1381,71,1
50091,1277,78,2
50092,1265,25,3
50093,2348,37,3
50094,1859,80,3
50095,3166,116,2
50096,3477,110,1
50097,2063,40,2
50098,2449,120,1
50099,3038,26,1
50100,3496,30,2
50101,1098,24,1
50102,1849,74,1
50103,3295,67,2
50104,1046,50,1
50105,2229,31,2
50106,1025,11,1
50107,1119,87,3
50108,2353,96,3
50109,1556,35,1
50110,3199,95,2
50111,1229,90,1
50112,3314,71,1
50113,3365,52,1
50114,1271,109,2
50115,2536,46,1
50116,3338,46,1
50117,2262,71,1
50118,1129,23,1
50119,2851,90,2
50120,1885,26,3
50121,1827,115,3
50122,3072,16,2
50123,2393,117,1
50124,2271,65,2
50125,3114,45,1
50126,1840,75,1
50127,1474,2,3
50128,3434,91,1
50129,3132,70,2
50130,1092,50,1
50131,1821,9,1
50132,3180,35,1
50133,1645,21,1
50134,3292,27,1
50135,2110,10,1
50136,3351,23,1
50137,3214,25,3
50138,1118,22,2
50139,2746,40,2
50140,3427,55,1
50141,1811,78,1
50142,1321,115,1
50143,2918,10,1
50144,2906,28,3
50145,2056,113,3
50146,1751,71,2
50147,2856,23,1
50148,2946,16,1
50149,2427,45,2
50150,3080,4,1
50151,2237,33,3
50152,3418,40,2
50153,2975,31,2
50154,1852,99,1
50155,3323,78,3
50156,1967,3,1
50157,2993,20,1
50158,2896,24,2
50159,2662,4,1
50160,3442,73,1
50161,1251,5,3
50162,3378,101,2
50163,2855,33,1
50164,3367,27,1
50165,3335,70,1
50166,2780,72,3
50167,3090,25,1
50168,2204,18,2
50169,3293,92,1
50170,1449,81,2
50171,2614,53,3
50172,2663,38,2
50173,1569,13,2
50174,2475,85,1
50175,1514,3,3
50176,1064,16,1
50177,1556,14,1
50178,2867,100,3
50179,2861,38,1
50180,2843,28,2
50181,3367,28,3
50182,3055,38,1
50183,1155,52,1
50184,1463,43,3
50185,2144,23,3
50186,3143,83,2
50187,1319,58,3
50188,3374,22,3
50189,1044,37,1
50190,2921,51,1
50191,2206,22,3
50192,3447,79,1
50193,3368,2,3
50194,2195,100,3
50195,1519,29,2
50196,2032,9,1
50197,1456,59,2
50198,1619,52,2
50199,1967,37,1
50200,1135,23,3
50201,1631,94,1
50202,2569,35,1
50203,3366,72,1
50204,1222,44,3
50205,2950,38,2
50206,1957,33,1
50207,2780,15,2
50208,2564,57,1
50209,3176,54,1
50210,2116,29,2
50211,3392,28,1
50212,3411,77,1
50213,1736,21,3
50214,1034,81,1
50215,2826,30,2
50216,2031,1,1
50217,3433,47,1
50218,3455,44,3
50219,2539,59,2
50220,1756,86,1
50221,1310,49,3
50222,2748,51,1
50223,2135,73,3
50224,2591,22,1
50225,1728,36,3
50226,1821,46,1
50227,3214,67,1
50228,1435,109,2
50229,3340,75,2
50230,1076,85,1
50231,1154,49,1
50232,1620,73,1
50233,3009,33,1
50234,1287,41,1
50235,2974,18,3
50236,2470,30,1
50237,1371,31,2
50238,1329,90,1
50239,1161,107,1
50240,2224,64,1
50241,1347,95,1
50242,1776,7,5
50243,1976,23,2
50244,3214,56,1
50245,2840,101,1
50246,1151,31,2
50247,1484,17,1
50248,2877,118,2
50249,1295,5,3
50250,3002,56,3
50251,1994,65,1
50252,1058,2,3
50253,1398,26,1
50254,3420,4,3
50255,1903,7,2
50256,2745,33,1
50257,3359,51,4
50258,1873,79,2
50259,2121,14,2
50260,1688,78,2
50261,3383,4,2
50262,2540,61,2
50263,1029,3,1
50264,3431,94,1
50265,2949,67,1
50266,1586,57,1
50267,1714,42,2
50268,3442,16,1
50269,2233,21,1
50270,3284,24,4
50271,2482,98,1
50272,3078,7,1
50273,1611,56,2
50274,3037,2,2
50275,1858,31,2
50276,2856,2,2
50277,1119,24,1
50278,1290,95,1
50279,1814,71,1
50280,1942,71,2
50281,2689,93,2
50282,1903,19,1
50283,1593,20,2
50284,2863,12,3
50285,2468,107,3
50286,2375,19,2
50287,2906,26,2
50288,2407,10,1
50289,1696,58,1
50290,1940,17,1
50291,3423,35,2
50292,2143,14,1
50293,2340,28,1
50294,3423,119,2
50295,1181,16,1
50296,3065,17,1
50297,1401,28,3
50298,1340,41,1
50299,1892,10,1
50300,1979,43,3
50301,1662,79,2
50302,3390,15,1
50303,2660,12,2
50304,2901,61,2
50305,2363,30,1
50306,2744,80,1
50307,1331,51,1
50308,1224,32,2
50309,2497,22,1
50310,2497,38,1
50311,1838,11,1
50312,1977,56,1
50313,1859,68,1
50314,2312,29,1
50315,1223,12,1
50316,2853,37,2
50317,3178,58,1
50318,2197,32,2
50319,1268,15,1
50320,1357,6,1
50321,1447,4,4
50322,1606,27,1
50323,2200,38,1
50324,1540,34,1
50325,2194,1,2
50326,1951,97,1
50327,2404,51,1
50328,2991,57,2
50329,2245,50,1
50330,1703,68,1
50331,1193,10,2
50332,2867,120,3
50333,2168,6,1
50334,1628,4,2
50335,1518,32,2
50336,1755,2,1
50337,1605,38,1
50338,1665,24,2
50339,3045,75,1
50340,2311,18,2
50341,2210,30,1
50342,3349,59,1
50343,2387,56,1
50344,1164,18,2
50345,1902,23,2
50346,2336,7,1
50347,2138,3,1
50348,3205,83,2
50349,3008,40,1
50350,3095,112,1
50351,2751,32,2
50352,1049,32,1
50353,3297,15,3
50354,2702,70,2
50355,2736,74,3
50356,1571,100,2
50357,2944,117,2
50358,2373,19,2
50359,2677,49,1
50360,2697,15,1
50361,1560,13,1
50362,2185,42,2
50363,3397,38,1
50364,2898,1,2
50365,2935,10,2
50366,2708,8,3
50367,3019,103,2
50368,3453,79,1
50369,2056,56,2
50370,1489,39,2
50371,3382,11,2
50372,2888,85,1
50373,2479,32,2
50374,1199,37,1
50375,1793,66,1
50376,1387,46,1
50377,2233,32,1
50378,1392,32,2
50379,3122,36,1
50380,2687,26,2
50381,1905,98,2
50382,3153,98,1
50383,2709,23,1
50384,1477,81,1
50385,2485,15,2
50386,3447,31,2
50387,1485,5,2
50388,1928,27,2
50389,1457,16,2
50390,2766,4,3
50391,3429,4,2
50392,2036,10,1
50393,1507,107,1
50394,3406,106,1
50395,1596,89,1
50396,3374,26,3
50397,1990,23,1
50398,1405,81,1
50399,2154,18,1
50400,1017,104,3
50401,2944,39,1
50402,1758,24,2
50403,2554,37,2
50404,1932,31,2
50405,1556,32,2
50406,2180,42,3
50407,2576,40,2
50408,2277,55,2
50409,2752,3,3
50410,2948,112,3
50411,3013,53,5
50412,2794,23,2
50413,3418,106,2
50414,1265,27,1
50415,2655,14,3
50416,3044,39,1
50417,2639,40,1
50418,2656,117,1
50419,1442,16,3
50420,3036,25,3
50421,1279,21,2
50422,1733,31,2
50423,1394,77,3
50424,3016,67,1
50425,3067,31,3
50426,3214,42,4
50427,1487,31,1
50428,2541,22,3
50429,2241,86,2
50430,3013,30,1
50431,1448,56,1
50432,3268,59,1
50433,1640,33,2
50434,2078,33,1
50435,2165,21,1
50436,3418,12,1
50437,1110,71,3
50438,2558,12,3
50439,1231,48,1
50440,1961,59,3
50441,2248,6,2
50442,1080,22,1
50443,3326,34,2
50444,2092,16,1
50445,2547,51,1
50446,3345,16,3
50447,2376,31,2
50448,1682,52,2
50449,1308,98,1
50450,1876,22,1
50451,1925,43,3
50452,3368,11,1
50453,3175,27,3
50454,2422,70,1
50455,3211,34,1
50456,2647,37,1
50457,1739,97,2
50458,1764,47,1
50459,2914,38,1
50460,2776,102,1
50461,1605,30,1
50462,2783,23,1
50463,2093,86,1
50464,2050,48,1
50465,1786,10,2
50466,2901,34,1
50467,1827,5,3
50468,1119,29,1
50469,1172,116,1
50470,1081,3,1
50471,1260,114,2
50472,2488,43,1
50473,1575,39,3
50474,3049,117,1
50475,3151,23,1
50476,1975,51,1
50477,2597,68,3
50478,2732,4,3
50479,2800,39,4
50480,1229,32,1
50481,3235,28,1
50482,2137,85,1
50483,2262,20,3
50484,1142,82,1
50485,1981,33,1
50486,2266,52,3
50487,3190,95,1
50488,2591,13,4
50489,2232,8,1
50490,2218,6,3
50491,2664,69,1
50492,1328,96,1
50493,2362,64,2
50494,1656,77,2
50495,3243,75,2
50496,1112,66,1
50497,1557,7,1
50498,2251,23,2
50499,1532,94,2
50500,2308,25,1
50501,2341,67,3
50502,1345,26,1
50503,3336,1,2
50504,3287,48,4
50505,1812,26,1
50506,1203,34,1
50507,2507,19,1
50508,1480,17,1
50509,2858,96,2
50510,1485,7,2
50511,2090,36,3
50512,2564,7,1
50513,2159,67,1
50514,2713,5,4
50515,1964,48,2
50516,2514,55,2
50517,2324,113,2
50518,1869,74,1
50519,1390,42,1
50520,2363,116,4
50521,3450,62,1
50522,1021,40,1
50523,2519,18,3
50524,1168,49,2
50525,2389,85,3
50526,1367,37,1
50527,2283,5,2
50528,3044,89,1
50529,2158,109,1
50530,2080,34,2
50531,3012,65,1
50532,3276,95,2
50533,1941,16,2
50534,2065,15,1
50535,3027,12,3
50536,3297,36,3
50537,1606,3,3
50538,1834,86,2
50539,2117,59,1
50540,1869,41,1
50541,2705,108,1
50542,3040,51,3
50543,1499,39,2
50544,1434,85,3
50545,2965,29,2
50546,3433,51,3
50547,2855,39,1
50548,1529,2,2
50549,1227,78,1
50550,3466,33,1
50551,2633,7,2
50552,1667,33,1
50553,1631,16,3
50554,2770,70,3
50555,2470,52,1
50556,3099,15,2
50557,3306,43,1
50558,2730,100,2
50559,1380,11,3
50560,2898,45,3
50561,3149,15,1
50562,2791,16,1
50563,2230,97,4
50564,2751,22,1
50565,3102,14,1
50566,2691,19,2
50567,3398,17,1
50568,1066,15,2
50569,2609,14,2
50570,2219,35,2
50571,2085,26,1
50572,1864,20,1
50573,2776,21,3
50574,2617,6,1
50575,2659,100,1
50576,2993,40,1
50577,2617,63,3
50578,1512,7,2
50579,1770,87,2
50580,2970,48,1
50581,3206,10,2
50582,2898,14,2
50583,1624,75,2
50584,2986,35,1
50585,3332,93,1
50586,1208,24,1
50587,2702,99,1
50588,3440,70,2
50589,3102,60,2
50590,2998,22,1
50591,2293,49,1
50592,2708,84,1
50593,2420,34,2
50594,1085,7,1
50595,3079,11,2
50596,3466,95,2
50597,2598,112,2
50598,2934,66,1
50599,1353,45,1
50600,1709,20,1
50601,3022,27,2
50602,3280,1,1
50603,1649,17,2
50604,1130,71,1
50605,1494,56,2
50606,2056,112,2
50607,3281,25,1
50608,3111,44,1
50609,2793,64,1
50610,1433,80,2
50611,3303,4,1
50612,1684,47,2
50613,2196,77,1
50614,3041,64,2
50615,1564,7,2
50616,2798,101,2
50617,2398,26,3
50618,1349,34,1
50619,1620,77,3
50620,2727,65,2
50621,2676,97,1
50622,2481,115,2
50623,3119,103,2
50624,2385,26,1
50625,1151,45,2
50626,3353,17,3
50627,3267,91,1
50628,2409,9,3
50629,1601,75,1
50630,1840,100,2
50631,2414,93,1
50632,1808,83,2
50633,1516,38,2
50634,2162,17,1
50635,1655,18,1
50636,3426,30,1
50637,1452,72,1
50638,2063,52,3
50639,1510,39,3
50640,1021,28,3
50641,3316,78,1
50642,3439,30,1
50643,3346,53,3
50644,3128,64,1
50645,2479,25,3
50646,2743,83,2
50647,1532,35,2
50648,1319,37,1
50649,2617,99,2
50650,3043,55,1
50651,2707,85,1
50652,3071,15,3
50653,3167,7,3
50654,2865,26,2
50655,1486,54,1
50656,1451,19,1
50657,1482,32,3
50658,2242,21,2
50659,3415,30,1
50660,2161,16,3
50661,1276,94,2
50662,2970,59,1
50663,2545,40,2
50664,1543,77,1
50665,2839,11,1
50666,1365,80,1
50667,2619,22,2
50668,2814,63,3
50669,3342,50,1
50670,3298,58,4
50671,3219,42,3
50672,3335,36,1
50673,3178,1,1
50674,2126,68,2
50675,3373,38,1
50676,3485,39,3
50677,1095,26,2
50678,2699,17,1
50679,1469,118,2
50680,1688,26,1
50681,2256,106,2
50682,1241,51,2
50683,2220,31,3
50684,1583,31,1
50685,1495,8,4
50686,3445,56,1
50687,1471,31,1
50688,2903,43,1
50689,1957,101,2
50690,2102,59,1
50691,3272,45,1
50692,2247,55,3
50693,1833,65,2
50694,2529,46,2
50695,2735,118,1
50696,2850,15,3
50697,1685,16,1
50698,2119,53,3
50699,1871,57,1
50700,2152,18,1
50701,2619,65,1
50702,3279,114,2
50703,2303,91,3
50704,2070,115,1
50705,2317,35,3
50706,3455,25,1
50707,2951,1,1
50708,1710,36,2
50709,1317,55,1
50710,1505,33,2
50711,1725,81,1
50712,1511,27,1
50713,1081,72,2
50714,1784,20,1
50715,1905,36,1
50716,2486,16,3
50717,1856,13,1
50718,1454,99,1
50719,1793,59,1
50720,3469,43,1
50721,1521,39,1
50722,1933,89,2
50723,3182,58,3
50724,2859,14,1
50725,1212,91,1
50726,2771,94,1
50727,2911,37,3
50728,1178,88,4
50729,3180,21,2
50730,2605,3,3
50731,1924,114,1
50732,1304,107,2
50733,1396,14,2
50734,1098,51,2
50735,2939,31,1
50736,1222,97,2
50737,3457,44,1
50738,2828,43,4
50739,2545,23,1
50740,1522,15,3
50741,2768,2,2
50742,3290,13,1
50743,2683,40,2
50744,1043,35,2
50745,1414,21,1
50746,2859,39,2
50747,3437,79,2
50748,1793,105,1
50749,2724,40,1
50750,2821,5,2
50751,2276,57,1
50752,2465,38,2
50753,2264,50,1
50754,2510,117,1
50755,1234,38,1
50756,1223,27,3
50757,1824,71,1
50758,1775,55,1
50759,3369,51,1
50760,2227,26,3
50761,1172,21,3
50762,1913,75,1
50763,2357,73,1
50764,1840,21,1
50765,1122,45,2
50766,2190,39,2
50767,1121,10,1
50768,1713,9,1
50769,3271,27,1
50770,1088,9,2
50771,1562,24,1
50772,2386,110,1
50773,2525,57,2
50774,2776,83,3
50775,1535,67,3
50776,3181,32,1
50777,2001,120,2
50778,3405,18,1
50779,2012,9,2
50780,1517,99,2
50781,1333,80,1
50782,1265,13,2
50783,3085,37,1
50784,2901,12,1
50785,3026,39,1
50786,2642,59,1
50787,1831,28,1
50788,2621,14,2
50789,2532,23,1
50790,1550,70,1
50791,3391,17,2
50792,2377,35,1
50793,3037,33,2
50794,1101,8,1
50795,1337,37,2
50796,3100,43,2
50797,1403,12,1
50798,1156,51,2
50799,2239,69,2
50800,1780,65,3
50801,3224,101,1
50802,2226,32,2
50803,2661,81,1
50804,2933,45,2
50805,1859,37,1
50806,3404,75,1
50807,1351,27,1
50808,2756,74,2
50809,3287,5,3
50810,3365,90,2
50811,2452,34,1
50812,2743,53,2
50813,2227,21,1
50814,3324,65,3
50815,2352,60,4
50816,3489,53,2
50817,2600,13,1
50818,1771,31,1
50819,2247,4,1
50820,3264,20,1
50821,1284,113,2
50822,2162,10,1
50823,1235,21,1
50824,1703,34,1
50825,1528,36,3
50826,1281,27,2
50827,2770,96,2
50828,1650,50,1
50829,2879,21,1
50830,1584,33,1
50831,2347,116,1
50832,2884,22,1
50833,2869,30,1
50834,2601,46,1
50835,2769,26,2
50836,3329,2,2
50837,2121,98,4
50838,2195,43,1
50839,1889,114,1
50840,3264,12,2
50841,2335,26,2
50842,2035,2,1
50843,2891,33,2
50844,1796,21,1
50845,1559,35,3
50846,2985,23,1
50847,2792,9,1
50848,1660,1,1
50849,1508,33,1
50850,1689,1,1
50851,2466,2,1
50852,3180,2,2
50853,1421,30,1
50854,2818,1,2
50855,1826,112,2
50856,1977,1,1
50857,2380,83,3
50858,1903,104,2
50859,1687,62,1
50860,2702,31,1
50861,1848,113,3
50862,2752,7,2
50863,1061,31,2
50864,1049,35,2
50865,2140,52,3
50866,1179,7,1
50867,3046,104,2
50868,3196,79,3
50869,3457,33,4
50870,1544,31,3
50871,1276,40,1
50872,3396,37,1
50873,3406,61,1
50874,1952,4,1
50875,1997,42,3
50876,1563,30,2
50877,1155,40,2
50878,2817,71,2
50879,1162,34,2
50880,2181,68,2
50881,1992,2,1
50882,2017,68,1
50883,2317,1,1
50884,1264,83,2
50885,1579,105,1
50886,1375,18,3
50887,1967,34,1
50888,2913,27,2
50889,2019,39,2
50890,2836,107,1
50891,1327,112,3
50892,2631,36,1
50893,2775,76,2
50894,1081,74,3
50895,2229,45,1
50896,3264,69,1
50897,2160,40,2
50898,2969,5,1
50899,1776,17,1
50900,2532,34,4
50901,2528,30,1
50902,3409,2,2
50903,3316,14,1
50904,2045,72,1
50905,2508,73,1
50906,2736,68,1
50907,2480,41,2
50908,1605,35,2
50909,2013,46,1
50910,1050,3,1
50911,2628,63,1
50912,3123,114,2
50913,2237,38,2
50914,2567,54,2
50915,1364,19,1
50916,2410,89,1
50917,2630,61,1
50918,1689,81,3
50919,2711,30,2
50920,2765,12,2
50921,2992,4,2
50922,2845,47,2
50923,1748,87,2
50924,2062,114,1
50925,1447,86,2
50926,1326,33,2
50927,1121,56,2
50928,2987,44,2
50929,1029,42,2
50930,1396,1,1
50931,2088,116,2
50932,2380,51,1
50933,2291,92,3
50934,2632,22,4
50935,1410,13,1
50936,1568,4,2
50937,2018,40,1
50938,2946,27,3
50939,2319,12,2
50940,1187,111,1
50941,2984,40,1
50942,1333,36,3
50943,1411,70,1
50944,3486,5,3
50945,3066,16,1
50946,1356,38,3
50947,2827,116,1
50948,3214,27,3
50949,1366,1,4
50950,1656,111,3
50951,1902,76,1
50952,1504,58,1
50953,2363,99,1
50954,3460,11,1
50955,2563,58,3
50956,2789,88,1
50957,1456,19,2
50958,1770,64,1
50959,2283,119,1
50960,1006,39,1
50961,2735,32,1
50962,1517,40,1
50963,1037,35,1
50964,2294,10,2
50965,2866,10,1
50966,1597,62,1
50967,1505,39,1
50968,2959,47,1
50969,2542,11,2
50970,1625,87,3
50971,1921,62,1
50972,1733,93,1
50973,1652,118,3
50974,2606,36,3
50975,2601,10,1
50976,2156,67,1
50977,1398,19,1
50978,1221,90,1
50979,1563,36,2
50980,2192,87,2
50981,1037,39,3
50982,1417,45,1
50983,1689,104,3
50984,2456,106,2
50985,3111,59,1
50986,2776,113,2
50987,2624,40,2
50988,1706,53,2
50989,1367,73,1
50990,2127,55,1
50991,1338,17,2
50992,1921,19,3
50993,1387,66,1
50994,2572,34,1
50995,2332,18,2
50996,1757,21,1
50997,3171,37,3
50998,3395,44,2
50999,1480,20,1
51000,1737,15,2
51001,1527,46,1
51002,1359,42,2
51003,2222,38,2
51004,1702,21,2
51005,3127,110,2
51006,3187,39,1
51007,2442,57,2
51008,1859,42,2
51009,2227,87,2
51010,1549,47,1
51011,2728,9,1
51012,2067,26,1
51013,2041,45,2
51014,3195,9,3
51015,1789,79,1
51016,3094,54,2
51017,2776,40,1
51018,2013,4,1
51019,2666,3,1
51020,2486,109,3
51021,2120,13,3
51022,1910,24,2
51023,3156,70,1
51024,3411,96,2
51025,3343,98,2
51026,2110,42,3
51027,2595,18,4
51028,3259,53,1
51029,1038,45,2
51030,1517,19,1
51031,2516,68,1
51032,3493,35,3
51033,2919,29,4
51034,2752,28,1
51035,2251,31,3
51036,1369,43,1
51037,1676,43,1
51038,2170,56,2
51039,2736,45,1
51040,2964,38,1
51041,1778,101,1
51042,2740,72,2
51043,3163,42,3
51044,3487,26,1
51045,3144,106,1
51046,1307,25,1
51047,2731,26,1
51048,2528,111,2
51049,3208,84,1
51050,2188,30,1
51051,3329,30,2
51052,3111,82,3
51053,2999,1,1
51054,2885,32,2
51055,1762,21,2
51056,1415,27,3
51057,1629,36,2
51058,1028,9,2
51059,2225,26,2
51060,3197,84,3
51061,2799,12,1
51062,2777,7,2
51063,1547,31,2
51064,1129,7,4
51065,2088,16,1
51066,3253,25,1
51067,2637,33,3
51068,1538,4,2
51069,2409,28,1
51070,1213,51,1
51071,1032,30,2
51072,2155,34,2
51073,3094,9,2
51074,1471,88,1
51075,2941,64,1
51076,3057,47,3
51077,1609,5,1
51078,2643,7,2
51079,1817,2,1
51080,2557,30,1
51081,1908,36,1
51082,1251,22,1
51083,2149,114,2
51084,2011,22,2
51085,2317,16,2
51086,2147,104,1
51087,3012,30,2
51088,1456,1,1
51089,1533,32,1
51090,3412,32,2
51091,3393,24,2
51092,1534,60,2
51093,1780,15,2
51094,1404,18,1
51095,2942,107,1
51096,3185,62,2
51097,2034,98,2
51098,2422,95,1
51099,2786,14,1
51100,3145,117,2
51101,2122,65,1
51102,2186,19,4
51103,1779,73,2
51104,3027,57,2
51105,3086,33,1
51106,2641,47,2
51107,1892,41,2
51108,3100,37,1
51109,2213,78,3
51110,1487,2,1
51111,1606,109,1
51112,1544,22,1
51113,1860,21,1
51114,2423,52,1
51115,3249,25,4
51116,2672,90,1
51117,1042,88,2
51118,2145,1,1
51119,3389,13,1
51120,2054,100,1
51121,1903,27,1
51122,3382,53,2
51123,2777,36,2
51124,1383,35,2
51125,1773,46,3
51126,2155,6,3
51127,3489,5,1
51128,1295,35,4
51129,1410,65,1
51130,1048,53,1
51131,1055,62,2
51132,1541,23,1
51133,3456,1,4
51134,1435,51,2
51135,1570,39,1
51136,2819,90,1
51137,1228,49,2
51138,3226,2,2
51139,3095,94,2
51140,1580,8,3
51141,1603,30,2
51142,1925,113,1
51143,1460,24,1
51144,1919,10,1
51145,1484,23,3
51146,1177,46,1
51147,1742,45,2
51148,2235,50,1
51149,3044,49,2
51150,1312,65,2
51151,1605,36,1
51152,1275,14,2
51153,1370,25,1
51154,1744,72,1
51155,2695,51,2
51156,1566,68,1
51157,3206,38,2
51158,3196,93,3
51159,3158,48,2
51160,1357,21,2
51161,2484,45,3
51162,1451,12,1
51163,1570,25,3
51164,3258,114,2
51165,1228,64,3
51166,1586,21,1
51167,1221,79,1
51168,1302,40,2
51169,2496,8,1
51170,1315,14,2
51171,1573,70,2
51172,2925,31,1
51173,1054,25,2
51174,1245,82,1
51175,1656,14,1
51176,2860,49,3
51177,1931,26,1
51178,2113,117,1
51179,1867,22,3
51180,1896,38,1
51181,2918,33,1
51182,2558,12,1
51183,1444,12,1
51184,3470,71,2
51185,3218,7,2
51186,3445,10,2
51187,1132,23,2
51188,3335,59,3
51189,1196,30,1
51190,1034,110,3
51191,2288,72,1
51192,1530,64,1
51193,3062,5,3
51194,1097,53,1
51195,1153,25,2
51196,2896,3,2
51197,1883,65,1
51198,1659,117,1
51199,3143,111,1
51200,2832,71,1
51201,2764,13,3
51202,1979,20,1
51203,3322,56,1
51204,1398,65,2
51205,1357,35,1
51206,2284,10,2
51207,2488,23,2
51208,1733,75,1
51209,2048,75,3
51210,1575,119,1
51211,2174,40,2
51212,1528,37,3
51213,2530,14,1
51214,3072,22,1
51215,2002,78,1
51216,1032,4,1
51217,2635,88,2
51218,2590,83,1
51219,3191,115,2
51220,1446,4,3
51221,2774,11,1
51222,1264,40,1
51223,2950,15,2
51224,1156,56,2
51225,3327,20,2
51226,2557,12,2
51227,1874,1,1
51228,2732,26,2
51229,2659,15,2
51230,2719,29,2
51231,2755,30,2
51232,1673,14,1
51233,1658,114,2
51234,2452,119,1
51235,3445,19,2
51236,1592,31,4
51237,1604,31,2
51238,1465,74,1
51239,2845,105,3
51240,2840,59,2
51241,1768,38,2
51242,1680,47,1
51243,3362,112,4
51244,2490,10,1
51245,3044,55,1
51246,2695,32,2
51247,2375,6,1
51248,2879,26,1
51249,2785,34,1
51250,2160,64,3
51251,1425,1,1
51252,2684,20,2
51253,2819,22,1
51254,2187,87,2
51255,2560,16,3
51256,1509,35,1
51257,2621,12,2
51258,1917,29,2
51259,2698,41,1
51260,2698,1,2
51261,3125,100,2
51262,2300,39,2
51263,2603,13,1
51264,1211,79,1
51265,2599,106,3
51266,2651,117,2
51267,1517,39,2
51268,2605,89,2
51269,2320,3,1
51270,1105,39,2
51271,3226,103,3
51272,3342,25,3
51273,2466,8,1
51274,2216,8,1
51275,2548,62,1
51276,2126,5,1
51277,3373,84,1
51278,2880,104,2
51279,1739,16,2
51280,2480,107,1
51281,1089,36,2
51282,1312,14,1
51283,2846,86,2
51284,2223,6,1
51285,1128,11,1
51286,2420,40,1
51287,3137,64,1
51288,1789,58,3
51289,1624,12,2
51290,1470,81,1
51291,1518,36,2
51292,1816,112,1
51293,2913,76,1
51294,2786,33,2
51295,1810,49,1
51296,2609,19,1
51297,2998,35,3
51298,2735,49,2
51299,3487,27,1
51300,3323,23,1
51301,3094,34,2
51302,2202,57,1
51303,1736,94,2
51304,1761,23,2
51305,1594,64,2
51306,1039,21,1
51307,3324,68,1
51308,3300,10,1
51309,1421,60,1
51310,1306,54,1
51311,2311,2,1
51312,3023,29,1
51313,1700,59,2
51314,2568,21,1
51315,3358,115,3
51316,2164,13,3
51317,3160,1,2
51318,1284,34,1
51319,2416,38,1
51320,2282,22,1
51321,2861,24,2
51322,2531,104,2
51323,1042,11,2
51324,2784,3,2
51325,2510,98,4
51326,1020,102,1
51327,1453,10,3
51328,1307,40,2
51329,1697,119,1
51330,2887,11,3
51331,2692,44,1
51332,3137,39,1
51333,2149,36,2
51334,1925,10,1
51335,1992,47,1
51336,1319,16,2
51337,1885,33,2
51338,1769,31,2
51339,3161,31,3
51340,2277,65,2
51341,1532,12,1
51342,2579,120,1
51343,1769,14,1
51344,1672,59,1
51345,1438,68,1
51346,1067,86,1
51347,3174,29,3
51348,1484,103,1
51349,2625,37,2
51350,2366,9,1
51351,2566,74,2
51352,1794,33,2
51353,3488,34,2
51354,1447,48,2
51355,1217,99,1
51356,2090,38,2
51357,2657,24,2
51358,1900,69,1
51359,1833,30,2
51360,3442,21,2
51361,2952,68,2
51362,1697,23,2
51363,2864,1,2
51364,2943,21,2
51365,1315,1,2
51366,3433,36,1
51367,2013,22,1
51368,1071,50,2
51369,1685,64,1
51370,1409,31,1
51371,3235,36,2
51372,2038,21,2
51373,2366,100,1
51374,2983,17,1
51375,2680,85,1
51376,2463,28,1
51377,2764,23,1
51378,1793,113,1
51379,3231,95,1
51380,3158,12,2
51381,2709,109,1
51382,2266,19,1
51383,1503,35,1
51384,3321,112,1
51385,3043,105,4
51386,2910,57,3
51387,1666,30,1
51388,1264,61,1
51389,3429,16,2
51390,2252,12,1
51391,2029,10,1
51392,3056,58,2
51393,2108,7,2
51394,2769,43,1
51395,2452,33,2
51396,2730,24,3
51397,3445,39,1
51398,2785,51,2
51399,1817,34,1
51400,3270,10,3
51401,2888,53,2
51402,2789,17,1
51403,2464,34,2
51404,2910,34,1
51405,1108,114,2
51406,1362,80,3
51407,3377,25,1
51408,3225,90,3
51409,1515,21,2
51410,2895,77,1
51411,1224,24,2
51412,2365,50,1
51413,1249,19,1
51414,3092,62,1
51415,3302,76,1
51416,1558,5,1
51417,1026,80,2
51418,1822,1,3
51419,3129,7,3
51420,1424,37,1
51421,1498,36,2
51422,1753,98,1
51423,2798,100,3
51424,1504,21,2
51425,1985,18,3
51426,1820,30,1
51427,3411,29,2
51428,2602,24,1
51429,1606,15,2
51430,1492,41,1
51431,2820,12,1
51432,1570,35,1
51433,2465,37,4
51434,1863,37,1
51435,1620,39,2
51436,2389,25,1
51437,2240,103,3
51438,2981,36,1
51439,3076,77,1
51440,2061,11,1
51441,3394,53,1
51442,1276,6,2
51443,3045,116,3
51444,2325,68,3
51445,2573,74,3
51446,1263,9,3
51447,1298,32,3
51448,3484,41,2
51449,2841,39,1
51450,3279,9,1
51451,1923,6,2
51452,2777,87,2
51453,1394,5,2
51454,1021,34,1
51455,2395,17,1
51456,3032,7,1
51457,2442,38,1
51458,1564,75,1
51459,1290,45,2
51460,3118,24,1
51461,3214,28,2
51462,2187,109,1
51463,1646,103,2
51464,3188,57,3
51465,2635,58,1
51466,1454,49,1
51467,2726,31,1
51468,1243,18,2
51469,1255,23,1
51470,3309,102,1
51471,2704,60,2
51472,1330,96,2
51473,1170,16,1
51474,3079,12,1
51475,1932,2,2
51476,1107,67,1
51477,1074,42,1
51478,2585,65,1
51479,1564,4,2
51480,2506,31,1
51481,1950,1,2
51482,1930,38,1
51483,1061,88,1
51484,1232,5,1
51485,2286,28,2
51486,2197,13,1
51487,1314,18,2
51488,1843,32,3
51489,2816,72,1
51490,3258,28,1
51491,3217,22,1
51492,2419,120,1
51493,1561,97,2
51494,1944,38,2
51495,1581,8,2
51496,2803,55,2
51497,1138,39,1
51498,2573,23,3
51499,2572,33,2
51500,2575,28,2
51501,2765,30,2
51502,1128,52,4
51503,2377,109,1
51504,3420,1,1
51505,2777,82,3
51506,1447,50,3
51507,2898,39,1
51508,3125,33,1
51509,1975,1,2
51510,2149,69,2
51511,3223,39,2
51512,2616,9,1
51513,3490,10,3
51514,3328,49,2
51515,1070,35,1
51516,1151,116,1
51517,2673,3,1
51518,2132,98,1
51519,1736,29,2
51520,2063,85,2
51521,1203,22,2
51522,1754,55,1
51523,1933,9,1
51524,2054,12,1
51525,1961,23,1
51526,3076,37,2
51527,3336,34,2
51528,1292,50,2
51529,2475,34,2
51530,2534,30,1
51531,1182,25,1
51532,3421,20,2
51533,3081,72,2
51534,1880,39,3
51535,2560,63,2
51536,1316,108,1
51537,3245,78,1
51538,1496,97,2
51539,3148,31,1
51540,2102,19,1
51541,1995,72,2
51542,1945,24,1
51543,2679,32,1
51544,3295,32,1
51545,2838,68,1
51546,3332,85,2
51547,2669,45,1
51548,3480,30,1
51549,2673,25,2
51550,3359,27,3
51551,1063,14,1
51552,2078,76,1
51553,1139,81,1
51554,1683,105,1
51555,2589,112,1
51556,1522,38,2
51557,2379,91,2
51558,3422,44,2
51559,2453,114,1
51560,2842,74,1
51561,1551,79,3
51562,3086,1,1
51563,2857,35,1
51564,1723,39,1
51565,1951,31,3
51566,1197,57,1
51567,2747,33,1
51568,2304,65,4
51569,1862,29,2
51570,3355,91,2
51571,1485,36,2
51572,2797,6,1
51573,3482,68,4
51574,2141,7,1
51575,1691,2,1
51576,3211,27,3
51577,1105,30,2
51578,3339,35,1
51579,2208,104,1
51580,2820,96,1
51581,2140,64,3
51582,2448,68,1
51583,3076,35,1
51584,3100,43,1
51585,1157,37,1
51586,2300,18,1
51587,1145,101,1
51588,2007,13,2
51589,1801,25,1
51590,2984,96,1
51591,1363,107,2
51592,1013,36,1
51593,1729,9,1
51594,2557,48,1
51595,1737,88,1
51596,2196,56,2
51597,2462,50,1
51598,1395,10,1
51599,2013,44,2
51600,1721,31,1
51601,2630,76,1
51602,3003,48,2
51603,1881,94,2
51604,1249,51,1
51605,2603,94,2
51606,2632,22,1
51607,2391,42,3
51608,2263,28,1
51609,1844,64,1
51610,2350,18,3
51611,2553,11,2
51612,2444,78,2
51613,1862,27,2
51614,1643,93,2
51615,1661,111,1
51616,2693,8,2
51617,1082,77,1
51618,1419,36,2
51619,1099,8,2
51620,1138,24,2
51621,2641,9,1
51622,1347,17,1
51623,2701,18,1
51624,3477,104,1
51625,1795,90,1
51626,2325,21,1
51627,1408,39,3
51628,2930,34,4
51629,3297,30,3
51630,3184,33,3
51631,2612,118,2
51632,1443,39,2
51633,1950,36,1
51634,3306,10,1
51635,1342,6,3
51636,1850,96,1
51637,2651,56,1
51638,3143,79,2
51639,3021,30,1
51640,2383,82,1
51641,2665,89,3
51642,1856,76,1
51643,1965,36,1
51644,3107,43,2
51645,1317,21,1
51646,1663,24,2
51647,1465,14,2
51648,3028,17,1
51649,3240,21,2
51650,2215,10,1
51651,2110,40,1
51652,2522,46,2
51653,1837,72,2
51654,3127,56,1
51655,1554,16,2
51656,1040,26,2
51657,1022,27,2
51658,1816,78,1
51659,2919,43,2
51660,2435,48,1
51661,1789,34,2
51662,3393,72,1
51663,2043,47,1
51664,1317,44,1
51665,2076,45,1
51666,3139,53,1
51667,3425,60,3
51668,2939,1,2
51669,1374,120,1
51670,1600,16,2
51671,1213,15,1
51672,2742,51,1
51673,1986,53,3
51674,2579,72,1
51675,3173,20,3
51676,1876,109,1
51677,3295,29,1
51678,1492,54,1
51679,2497,92,1
51680,2737,18,3
51681,1782,26,1
51682,1043,12,1
51683,2271,32,1
51684,2039,21,1
51685,2126,53,1
51686,1179,109,1
51687,3343,96,2
51688,3488,56,2
51689,3234,62,3
51690,2513,5,1
51691,1539,4,1
51692,1229,22,1
51693,2136,107,3
51694,1068,31,2
51695,3403,72,1
51696,3114,13,1
51697,1251,17,2
51698,1604,63,2
51699,3492,17,2
51700,2676,1,1
51701,1482,39,3
51702,1352,55,3
51703,1747,66,3
51704,2300,41,2
51705,1890,55,1
51706,1332,88,1
51707,1782,65,3
51708,2271,10,2
51709,2292,27,2
51710,2117,86,2
51711,2800,36,1
51712,2454,52,2
51713,1698,19,1
51714,2579,19,2
51715,2420,50,3
51716,1849,37,1
51717,2101,7,1
51718,2057,9,2
51719,1763,35,2
51720,3403,39,1
51721,1138,24,2
51722,2469,81,2
51723,2379,44,2
51724,1766,110,2
51725,1089,40,3
51726,2869,54,1
51727,1997,32,1
51728,3461,33,1
51729,1959,77,4
51730,1441,29,2
51731,1116,6,1
51732,2231,97,2
51733,1571,11,4
51734,1220,110,2
51735,2417,26,1
51736,2886,5,2
51737,2259,8,2
51738,1832,28,2
51739,2532,6,3
51740,2411,18,1
51741,2934,55,1
51742,1994,64,1
51743,1546,31,2
51744,2159,94,1
51745,2420,39,1
51746,1110,20,2
51747,2483,21,2
51748,3454,63,1
51749,1769,10,1
51750,2783,13,1
51751,2167,36,1
51752,1142,34,2
51753,3119,95,2
51754,1338,24,1
51755,1050,5,1
51756,3353,35,3
51757,2645,22,2
51758,2240,24,1
51759,2844,36,1
51760,2372,92,2
51761,2736,33,2
51762,1327,11,3
51763,2056,20,1
51764,2863,35,1
51765,3005,22,2
51766,3454,49,1
51767,1096,46,2
51768,2201,21,1
51769,1145,52,2
51770,1149,33,2
51771,1387,5,2
51772,3021,29,1
51773,1999,117,2
51774,3330,23,1
51775,3495,104,2
51776,2564,23,1
51777,2236,21,3
51778,1753,109,1
51779,1324,94,1
51780,1476,79,1
51781,3105,48,2
51782,1200,36,2
51783,2125,66,4
51784,2133,22,1
51785,2167,34,1
51786,1848,14,1
51787,2894,51,1
51788,1397,1,1
51789,2178,80,1
51790,2886,60,1
51791,3284,11,2
51792,2309,35,3
51793,3043,6,3
51794,2597,22,1
51795,1321,58,1
51796,2414,17,1
51797,2291,35,2
51798,1121,19,2
51799,2767,21,2
51800,2162,56,2
51801,3201,20,1
51802,1505,7,2
51803,2185,6,2
51804,2642,52,2
51805,3454,32,1
51806,1432,51,1
51807,1922,96,1
51808,2900,35,3
51809,2638,38,3
51810,2368,66,1
51811,3376,54,1
51812,2680,1,1
51813,3061,120,1
51814,3337,61,1
51815,3331,43,2
51816,2516,20,3
51817,3261,27,1
51818,1661,28,3
51819,1818,30,4
51820,1265,87,1
51821,3470,28,1
51822,1724,117,1
51823,2356,86,1
51824,2002,23,2
51825,2664,96,2
51826,2578,14,3
51827,3200,20,1
51828,3187,75,1
51829,2199,82,2
51830,2488,37,1
51831,1508,9,1
51832,3374,64,1
51833,2391,8,1
51834,2976,4,1
51835,2876,96,3
51836,2002,71,1
51837,2844,79,3
51838,2127,45,2
51839,1905,99,2
51840,2485,70,2
51841,2248,35,1
51842,2207,5,2
51843,2573,28,2
51844,1114,99,1
51845,2062,37,3
51846,3116,40,4
51847,1638,57,1
51848,2287,33,2
51849,1692,96,1
51850,1718,33,4
51851,2402,7,2
51852,1918,20,2
51853,1806,35,1
51854,3332,101,3
51855,3146,87,1
51856,2489,53,1
51857,3078,18,1
51858,3190,98,3
51859,1229,37,1
51860,2015,26,1
51861,2003,15,1
51862,1726,20,1
51863,1778,63,2
51864,1542,22,2
51865,3380,24,2
51866,3199,82,1
51867,1804,35,3
51868,1341,24,1
51869,2995,21,1
51870,3382,24,1
51871,1797,60,1
51872,2868,109,2
51873,3017,51,1
51874,3077,30,2
51875,3179,29,1
51876,3298,35,3
51877,1746,31,3
51878,3087,26,2
51879,2247,15,3
51880,2402,58,2
51881,1445,67,1
51882,2258,31,2
51883,2229,107,1
51884,3338,51,2
51885,1703,100,3
51886,1643,37,3
51887,2707,69,1
51888,1936,116,3
51889,2518,11,1
51890,2449,91,1
51891,2611,61,2
51892,2655,14,1
51893,2871,61,3
51894,1828,9,1
51895,2318,33,2
51896,2334,47,2
51897,2802,84,1
51898,1304,31,1
51899,3428,22,1
51900,2597,56,2
51901,3400,24,4
51902,1229,49,1
51903,2164,5,1
51904,1303,34,2
51905,3415,27,1
51906,3301,8,1
51907,2067,50,3
51908,1089,3,3
51909,2285,112,1
51910,2826,67,2
51911,2887,27,3
51912,2060,21,2
51913,2750,36,3
51914,1196,82,3
51915,1066,42,1
51916,3065,91,2
51917,3354,23,1
51918,1309,58,2
51919,3103,83,1
51920,3350,120,1
51921,1299,74,1
51922,2134,25,1
51923,3356,37,1
51924,2771,93,1
51925,2597,8,1
51926,2320,29,2
51927,2337,27,1
51928,3352,119,2
51929,1844,24,3
51930,1107,22,2
51931,1283,31,1
51932,1942,47,1
51933,2110,27,2
51934,2455,15,3
51935,1104,27,3
51936,2558,15,1
51937,2558,44,2
51938,1380,117,3
51939,1498,7,1
51940,1492,120,1
51941,2700,3,4
51942,3076,29,1
51943,1066,14,1
51944,2639,104,1
51945,1267,30,3
51946,1939,103,1
51947,2930,9,1
51948,2324,8,2
51949,3124,16,2
51950,1159,7,2
51951,2522,46,1
51952,2717,17,3
51953,1743,24,1
51954,1665,7,1
51955,2086,41,3
51956,1105,36,3
51957,2669,13,2
51958,3451,66,2
51959,1912,3,2
51960,1460,115,3
51961,3198,40,1
51962,1002,36,2
51963,2322,52,1
51964,1394,39,2
51965,1531,65,2
51966,1923,44,1
51967,1431,29,1
51968,1756,70,1
51969,3419,39,4
51970,2092,65,1
51971,1594,42,2
51972,2577,47,2
51973,1139,88,1
51974,1663,21,1
51975,2408,19,1
51976,2661,27,1
51977,2801,9,2
51978,3107,111,2
51979,2396,76,1
51980,3248,24,1
51981,3126,32,1
51982,2747,58,2
51983,2873,84,2
51984,3254,65,2
51985,2786,43,1
51986,3067,17,2
51987,1908,67,3
51988,2449,25,1
51989,1192,72,1
51990,3209,17,2
51991,1678,60,2
51992,1926,85,1
51993,2736,89,1
51994,1200,113,1
51995,2725,95,4
51996,2318,10,2
51997,3276,47,2
51998,3432,102,2
51999,2969,88,1
52000,2602,74,1
52001,2435,9,2
52002,1575,84,1
52003,1621,5,1
52004,2128,61,1
52005,3147,20,1
52006,2929,35,1
52007,3498,23,2
52008,2398,82,1
52009,1462,54,3
52010,3396,16,2
52011,1422,20,1
52012,3453,88,3
52013,2771,24,1
52014,2147,89,3
52015,2346,29,1
52016,2460,4,1
52017,3399,39,1
52018,2776,44,3
52019,2998,59,1
52020,2539,53,2
52021,1403,44,2
52022,1977,40,1
52023,1163,35,2
52024,2887,57,2
52025,2768,41,2
52026,1884,41,1
52027,2197,101,1
52028,2870,89,1
52029,2443,108,3
52030,2133,22,1
52031,2077,66,3
52032,1857,58,1
52033,2427,66,1
52034,3047,91,1
52035,1932,30,2
52036,1414,103,1
52037,3036,53,1
52038,1828,36,1
52039,2480,66,3
52040,2322,7,1
52041,3295,38,1
52042,3204,20,1
52043,1370,73,1
52044,2078,11,1
52045,2577,10,1
52046,3335,111,3
52047,1167,25,1
52048,2121,8,3
52049,2004,95,1
52050,1884,10,2
52051,2979,94,2
52052,3278,59,2
52053,3124,59,2
52054,2585,72,2
52055,2516,28,1
52056,2311,43,2
52057,2011,79,1
52058,1527,17,1
52059,1429,80,1
52060,1933,78,2
52061,2102,42,1
52062,2885,56,1
52063,1701,15,1
52064,3289,52,1
52065,1261,43,2
52066,2130,41,1
52067,1546,107,1
52068,2851,30,1
52069,3080,105,3
52070,3210,119,1
52071,3496,12,2
52072,3406,3,1
52073,1660,68,1
52074,3463,66,2
52075,3027,71,1
52076,1364,13,1
52077,2586,73,1
52078,2943,11,2
52079,1726,69,2
52080,3046,9,1
52081,1334,24,2
52082,3145,40,3
52083,2528,1,2
52084,3167,11,1
52085,3326,43,2
52086,1706,20,1
52087,2414,5,2
52088,3456,26,3
52089,1727,35,1
52090,1124,58,3
52091,1492,70,1
52092,2193,6,1
52093,1408,40,1
52094,1635,111,4
52095,3244,95,1
52096,1476,43,1
52097,1980,116,2
52098,1771,62,1
52099,2967,99,3
52100,1404,83,1
52101,3159,58,1
52102,3136,38,1
52103,1554,27,1
52104,2199,114,1
52105,3008,4,2
52106,2316,60,1
52107,2176,62,2
52108,3160,87,2
52109,3406,79,1
52110,3223,11,1
52111,1193,113,1
52112,1771,38,3
52113,2776,77,2
52114,1730,22,2
52115,1760,91,1
52116,1298,76,2
52117,1063,13,3
52118,1843,104,2
52119,1984,51,1
52120,1725,108,1
52121,1183,20,3
52122,2008,49,2
52123,3336,70,1
52124,1839,109,1
52125,2694,27,2
52126,2999,21,1
52127,2839,8,1
52128,1288,44,2
52129,1272,11,3
52130,1685,109,3
52131,2631,30,1
52132,2166,89,2
52133,1827,118,2
52134,3039,17,3
52135,1447,2,1
52136,2589,3,2
52137,2794,75,3
52138,3445,77,2
52139,1861,62,1
52140,3329,5,1
52141,1718,27,4
52142,1231,25,3
52143,1922,7,1
52144,2375,55,3
52145,2006,50,2
52146,3280,18,2
52147,1266,38,1
52148,1071,46,1
52149,1157,4,1
52150,1957,1,1
52151,3322,8,1
52152,1144,43,3
52153,2951,113,2
52154,2156,53,1
52155,3009,52,2
52156,2863,25,1
52157,1916,6,2
52158,2591,106,1
52159,2228,15,2
52160,2680,78,3
52161,1512,92,1
52162,1852,114,2
52163,2852,33,1
52164,2898,31,1
52165,3170,7,1
52166,1782,60,1
52167,2672,30,2
52168,1874,36,3
52169,2230,120,2
52170,2688,7,1
52171,2574,114,3
52172,1738,101,1
52173,1705,39,1
52174,1638,59,2
52175,2684,28,1
52176,1534,76,1
52177,3173,62,4
52178,1397,63,4
52179,1216,23,2
52180,2283,112,2
52181,1872,23,2
52182,2486,51,1
52183,2945,26,1
52184,2186,38,3
52185,1668,38,3
52186,2678,18,1
52187,2151,48,1
52188,1464,45,2
52189,1161,13,1
52190,2936,26,2
52191,2484,119,1
52192,3342,1,4
52193,3321,31,1
52194,1348,83,2
52195,2612,104,3
52196,1807,111,1
52197,1340,36,3
52198,1065,59,1
52199,2035,9,2
52200,3131,101,1
52201,1213,50,2
52202,2077,34,1
52203,2876,51,2
52204,3258,20,3
52205,2239,36,2
52206,2556,29,1
52207,3099,94,1
52208,2667,65,3
52209,3262,10,1
52210,2092,15,2
52211,2305,84,1
52212,1094,84,2
52213,1266,8,2
52214,1357,81,1
52215,2397,100,1
52216,1288,15,1
52217,1433,42,1
52218,1568,3,2
52219,1375,8,3
52220,1861,3,1
52221,1789,27,2
52222,3028,46,1
52223,3424,82,2
52224,2812,1,4
52225,2078,18,3
52226,3356,104,1
52227,1766,88,1
52228,1665,39,1
52229,2169,9,2
52230,2412,77,4
52231,2030,26,2
52232,1264,16,1
52233,2761,15,3
52234,1049,103,1
52235,2480,80,3
52236,1269,51,1
52237,2967,30,2
52238,3003,27,2
52239,2445,35,2
52240,2328,113,1
52241,2852,13,2
52242,2718,105,2
52243,1611,21,1
52244,2779,66,3
52245,1888,13,3
52246,2934,11,2
52247,1648,38,3
52248,2137,16,1
52249,2782,106,1
52250,2996,102,1
52251,2324,80,2
52252,2185,17,3
52253,2705,30,1
52254,1649,30,1
52255,1499,57,1
52256,2154,32,2
52257,2513,56,1
52258,1258,12,1
52259,2336,51,2
52260,2950,78,1
52261,1796,111,3
52262,3344,108,1
52263,2020,36,1
52264,1079,24,1
52265,2317,16,2
52266,2895,49,2
52267,1791,69,2
52268,1586,22,1
52269,1012,40,2
52270,2976,49,3
52271,2286,58,1
52272,1819,87,3
52273,1493,22,1
52274,1798,37,1
52275,2732,61,3
52276,2221,25,1
52277,2726,15,2
52278,1604,33,1
52279,2286,9,1
52280,2867,40,1
52281,1526,21,2
52282,1507,11,1
52283,2291,93,1
52284,3253,14,1
52285,2337,42,1
52286,2158,39,3
52287,1540,23,2
52288,1573,17,2
52289,1376,72,3
52290,2385,11,2
52291,3232,14,1
52292,2621,78,2
52293,2837,9,1
52294,1931,38,3
52295,1923,22,2
52296,1897,65,2
52297,2308,33,1
52298,1078,30,1
52299,2699,42,2
52300,1819,47,2
52301,2431,79,3
52302,2507,26,1
52303,1030,120,2
52304,2152,32,1
52305,1825,69,1
52306,2370,9,1
52307,2849,20,2
52308,3096,67,2
52309,1437,67,2
52310,1819,70,2
52311,3429,92,1
52312,2899,8,1
52313,2033,1,1
52314,2269,6,2
52315,2591,75,1
52316,2600,46,3
52317,3444,28,1
52318,1318,41,2
52319,1045,101,1
52320,2242,39,2
52321,2507,7,1
52322,2733,72,2
52323,1091,22,2
52324,1491,29,1
52325,1838,1,2
52326,2951,4,2
52327,3374,69,2
52328,2106,19,1
52329,1627,13,2
52330,2545,16,1
52331,1716,119,2
52332,1180,49,1
52333,1830,61,1
52334,2113,107,2
52335,1007,102,3
52336,3306,94,1
52337,1948,62,1
52338,2173,40,1
52339,3230,12,3
52340,3256,51,1
52341,1712,52,1
52342,2914,110,2
52343,3025,54,3
52344,2475,103,1
52345,2363,115,1
52346,2846,66,2
52347,1594,58,1
52348,1653,99,3
52349,1843,93,3
52350,1334,84,3
52351,3128,1,1
52352,2043,106,1
52353,2371,31,1
52354,2529,53,1
52355,1897,54,1
52356,1435,15,2
52357,1771,77,3
52358,1441,23,1
52359,2663,27,1
52360,3219,47,2
52361,1495,3,2
52362,1274,24,1
52363,2650,20,2
52364,2229,32,2
52365,3415,120,3
52366,3430,16,3
52367,2439,16,1
52368,2571,64,1
52369,2437,116,2
52370,1111,36,2
52371,2032,43,1
52372,2005,64,1
52373,1988,56,2
52374,1140,38,2
52375,1887,44,1
52376,1042,59,3
52377,3073,37,1
52378,1742,39,1
52379,1199,24,3
52380,3116,35,1
52381,2189,54,2
52382,1449,43,2
52383,1023,26,3
52384,2543,6,2
52385,3390,88,3
52386,2821,84,2
52387,3478,55,2
52388,3032,34,3
52389,2508,44,2
52390,2714,29,1
52391,1274,9,2
52392,2464,37,3
52393,1563,6,1
52394,1353,47,1
52395,2529,56,3
52396,1273,106,1
52397,1162,25,1
52398,2230,13,2
52399,1049,9,2
52400,3398,30,2
52401,1998,87,1
52402,1772,56,1
52403,2588,58,2
52404,1290,5,2
52405,1278,23,1
52406,3318,14,2
52407,1923,94,1
52408,1244,62,3
52409,1113,12,1
52410,2600,28,1
52411,3087,86,1
52412,1988,50,1
52413,3456,3,2
52414,3300,5,2
52415,2136,35,1
52416,2398,38,1
52417,2924,33,1
52418,3414,80,1
52419,1562,23,1
52420,3005,118,1
52421,2030,49,1
52422,2183,48,1
52423,1980,52,4
52424,2254,11,1
52425,2080,47,1
52426,1570,70,2
52427,3223,47,3
52428,2895,46,3
52429,2193,47,3
52430,3449,71,2
52431,3035,33,3
52432,2983,79,1
52433,2043,49,2
52434,1509,118,2
52435,1773,89,1
52436,3027,38,1
52437,3324,29,1
52438,1208,116,1
52439,2584,25,1
52440,1741,2,2
52441,1440,49,2
52442,1521,74,2
52443,3320,4,4
52444,2382,109,1
52445,1902,59,2
52446,2092,112,2
52447,3267,48,1
52448,1703,73,2
52449,1656,20,3
52450,2104,84,3
52451,1905,40,3
52452,1678,88,1
52453,2263,40,2
52454,2583,28,2
52455,2819,33,2
52456,2557,9,2
52457,2788,77,3
52458,2402,36,1
52459,2811,52,1
52460,1591,80,2
52461,1689,67,1
52462,1892,33,1
52463,1945,36,3
52464,1099,59,2
52465,2852,61,3
52466,2592,52,1
52467,2824,103,2
52468,2791,28,1
52469,2064,26,4
52470,1897,97,1
52471,1148,112,1
52472,1196,63,1
52473,3264,3,1
52474,3151,115,2
52475,2785,26,2
52476,1938,26,1
52477,1377,59,1
52478,1720,36,3
52479,1967,7,1
52480,3468,63,2
52481,1732,35,1
52482,3266,66,3
52483,2006,71,3
52484,1703,77,2
52485,1232,26,1
52486,1198,25,2
52487,2504,49,3
52488,2894,26,1
52489,1663,42,1
52490,1274,105,3
52491,3006,53,2
52492,3254,53,2
52493,3128,40,1
52494,3365,73,2
52495,2669,16,1
52496,1517,67,4
52497,2222,14,3
52498,2567,32,3
52499,1065,5,2
52500,2842,85,1
52501,2001,8,1
52502,2798,33,1
52503,1838,34,2
52504,1210,25,3
52505,2210,32,1
52506,2905,114,2
52507,3099,42,2
52508,2963,11,2
52509,1679,4,4
52510,1597,78,1
52511,1895,52,2
52512,1098,31,2
52513,2337,22,1
52514,3117,55,2
52515,3105,18,1
52516,3319,25,2
52517,2801,69,1
52518,1589,7,2
52519,2615,2,2
52520,2240,5,2
52521,2710,65,3
52522,2748,49,2
52523,1271,2,1
52524,2087,63,2
52525,1678,116,4
52526,1467,15,2
52527,2524,89,1
52528,3363,51,1
52529,1637,59,1
52530,3130,60,2
52531,1091,29,1
52532,2344,110,1
52533,2657,19,2
52534,2230,69,2
52535,1915,88,2
52536,2018,25,3
52537,3071,33,1
52538,2717,50,2
52539,2970,103,2
52540,2285,102,1
52541,1630,21,2
52542,2367,104,1
52543,3014,113,3
52544,3410,14,2
52545,1675,40,1
52546,2339,43,2
52547,1034,14,2
52548,3017,85,2
52549,1727,10,1
52550,2502,52,1
52551,1676,91,1
52552,1409,19,2
52553,1000,87,2
52554,1696,96,3
52555,3154,20,2
52556,2165,15,1
52557,3108,20,1
52558,1916,42,1
52559,1666,75,2
52560,2469,110,1
52561,2642,28,3
52562,2266,47,2
52563,1635,2,2
52564,3407,85,2
52565,1611,70,2
52566,2362,59,2
52567,2678,18,3
52568,3407,27,3
52569,2491,7,1
52570,2413,2,2
52571,2595,16,1
52572,2898,53,2
52573,2841,11,1
52574,2729,59,2
52575,1672,114,1
52576,1381,31,3
52577,1983,36,3
52578,2138,106,1
52579,2477,80,2
52580,2527,24,1
52581,3052,5,2
52582,2361,57,1
52583,3165,120,2
52584,1805,22,1
52585,3241,35,2
52586,1182,21,1
52587,1257,34,2
52588,2898,120,1
52589,3420,9,1
52590,2229,82,2
52591,3373,29,1
52592,1017,22,2
52593,1978,34,3
52594,1195,109,1
52595,2707,10,1
52596,3458,56,2
52597,3262,24,1
52598,1961,113,1
52599,3232,41,1
52600,2759,8,2
52601,1531,109,1
52602,1692,49,1
52603,1835,72,3
52604,1399,70,1
52605,3247,43,3
52606,1637,81,2
52607,2106,104,1
52608,2848,37,2
52609,2905,36,1
52610,2139,72,2
52611,2588,78,1
52612,2025,80,2
52613,1353,106,1
52614,1597,37,2
52615,2960,112,1
52616,1122,33,2
52617,3098,73,1
52618,1869,20,1
52619,1274,108,1
52620,3024,55,1
52621,1815,82,2
52622,2855,19,1
52623,2525,54,4
52624,1030,115,3
52625,3435,24,2
52626,3428,16,1
52627,2395,2,1
52628,2298,38,2
52629,1436,10,1
52630,1560,73,2
52631,2687,117,1
52632,2490,10,1
52633,1107,111,1
52634,1756,65,3
52635,1410,24,1
52636,2082,71,2
52637,1869,43,1
52638,1948,10,2
52639,3217,103,1
52640,3248,118,1
52641,2218,13,3
52642,1166,34,2
52643,1213,4,2
52644,3409,16,3
52645,2662,49,2
52646,1650,58,2
52647,2368,19,1
52648,1425,41,1
52649,1518,17,2
52650,1977,101,1
52651,3362,67,1
52652,3017,42,1
52653,2591,17,2
52654,2198,33,3
52655,3368,28,1
52656,1510,69,1
52657,1469,27,1
52658,2036,59,2
52659,1491,108,3
52660,1542,68,3
52661,1295,45,1
52662,1893,24,1
52663,1453,81,1
52664,2693,7,1
52665,1504,91,2
52666,2683,37,1
52667,1825,85,1
52668,1846,27,3
52669,1994,29,1
52670,2791,1,1
52671,1244,77,2
52672,2184,4,2
52673,2144,1,1
52674,2938,77,3
52675,2241,55,2
52676,1822,49,3
52677,2104,8,1
52678,2794,101,2
52679,2575,18,1
52680,3087,45,3
52681,3138,24,3
52682,2113,97,2
52683,1083,4,1
52684,1988,89,2
52685,3277,99,1
52686,3170,116,2
52687,1080,38,1
52688,2719,41,1
52689,2254,74,2
52690,2028,69,1
52691,3464,52,1
52692,1393,40,2
52693,1187,92,2
52694,2930,78,1
52695,3303,3,2
52696,1422,45,2
52697,1839,38,3
52698,1297,18,1
52699,1878,4,2
52700,1149,39,1
52701,3411,87,3
52702,1382,28,1
52703,2025,78,1
52704,1987,9,1
52705,1026,116,1
52706,1886,71,2
52707,1939,109,2
52708,1000,32,3
52709,3278,61,1
52710,1399,119,2
52711,1704,88,2
52712,1185,67,2
52713,2208,35,1
52714,1924,42,3
52715,1836,30,3
52716,2768,3,2
52717,2548,12,1
52718,1143,34,3
52719,1867,14,3
52720,1444,26,1
52721,3273,97,3
52722,3423,99,4
52723,1644,100,1
52724,3182,47,3
52725,2823,29,1
52726,3483,1,2
52727,3193,23,2
52728,3381,5,2
52729,3185,104,1
52730,3294,39,1
52731,1216,38,1
52732,1949,68,2
52733,3485,43,1
52734,1989,43,1
52735,2063,38,3
52736,1557,82,1
52737,1840,8,2
52738,1366,40,1
52739,3239,11,2
52740,2887,9,2
52741,1135,61,1
52742,1099,81,2
52743,3399,7,2
52744,2969,104,1
52745,2521,20,2
52746,1105,72,1
52747,3064,50,3
52748,2068,18,2
52749,3360,50,1
52750,3011,23,3
52751,2183,22,3
52752,2286,22,1
52753,1180,41,1
52754,2070,93,1
52755,2480,69,2
52756,3171,13,1
52757,1611,77,1
52758,1933,112,1
52759,1697,73,1
52760,1171,42,1
52761,1851,40,1
52762,3286,32,2
52763,3153,3,1
52764,1248,22,3
52765,2035,84,1
52766,3276,101,1
52767,1726,56,3
52768,3041,88,1
52769,1768,23,1
52770,2637,25,1
52771,2638,50,1
52772,1699,30,1
52773,1994,85,2
52774,2508,77,1
52775,2031,2,2
52776,2598,33,3
52777,2530,62,4
52778,1764,28,1
52779,3226,50,1
52780,1785,101,1
52781,2260,29,1
52782,2190,37,1
52783,1925,72,1
52784,1988,57,1
52785,2128,25,1
52786,2907,42,1
52787,2186,42,1
52788,2193,27,2
52789,2454,17,3
52790,2055,44,1
52791,1579,63,2
52792,1387,75,1
52793,1506,60,1
52794,1813,23,1
52795,1887,11,1
52796,1924,14,2
52797,1343,120,1
52798,3068,31,2
52799,3050,98,1
52800,3148,81,2
52801,1108,101,1
52802,3400,14,2
52803,3446,21,2
52804,2001,51,1
52805,2080,80,2
52806,1490,114,3
52807,1875,40,1
52808,2416,2,3
52809,1504,99,2
52810,2174,10,2
52811,2955,21,2
52812,3402,14,2
52813,1645,120,3
52814,3465,23,2
52815,2383,23,2
52816,2045,110,2
52817,1175,81,2
52818,2382,33,1
52819,1189,24,3
52820,1477,74,2
52821,1172,102,1
52822,3130,92,1
52823,1362,81,3
52824,2582,15,4
52825,1871,6,3
52826,1895,31,1
52827,3085,54,3
52828,3343,16,1
52829,1584,57,2
52830,2080,22,2
52831,3271,17,2
52832,2832,71,1
52833,3253,77,3
52834,1559,27,2
52835,1508,12,2
52836,2849,41,1
52837,2508,119,1
52838,1265,70,1
52839,2855,119,1
52840,1678,40,1
52841,2723,79,1
52842,2539,90,2
52843,3458,75,1
52844,1367,90,3
52845,3372,39,3
52846,2016,19,2
52847,3049,99,2
52848,1796,107,3
52849,1913,25,3
52850,2760,38,2
52851,1094,116,1
52852,1634,24,1
52853,1125,46,2
52854,1884,28,1
52855,3467,108,1
52856,3130,18,2
52857,2166,92,1
52858,2669,84,4
52859,3319,51,1
52860,1122,45,1
52861,3230,54,2
52862,2089,18,1
52863,2666,47,2
52864,1061,54,3
52865,1596,77,3
52866,2284,44,1
52867,2093,25,2
52868,1985,50,2
52869,1166,86,1
52870,2959,61,3
52871,2778,53,2
52872,1256,104,2
52873,3063,3,1
52874,1791,91,2
52875,1104,3,1
52876,2536,40,1
52877,3484,11,1
52878,1222,26,2
52879,3385,114,1
52880,1588,12,2
52881,1068,95,2
52882,2813,53,2
52883,2839,93,3
52884,2686,60,2
52885,1377,76,2
52886,2942,102,3
52887,3464,9,1
52888,1093,37,1
52889,1799,15,1
52890,1950,5,2
52891,1701,13,1
52892,1445,23,1
52893,1672,43,2
52894,3469,13,3
52895,1974,91,3
52896,1542,38,1
52897,1496,15,1
52898,1304,98,1
52899,1201,66,2
52900,3370,25,2
52901,1176,104,1
52902,2766,22,2
52903,2024,93,2
52904,2926,25,3
52905,3046,46,1
52906,1764,6,1
52907,3412,26,1
52908,1419,49,1
52909,1702,51,1
52910,3012,80,1
52911,1948,98,2
52912,1995,97,2
52913,2304,31,3
52914,1937,55,2
52915,3410,54,1
52916,2649,44,1
52917,2649,96,2
52918,1966,117,2
52919,1063,21,1
52920,2540,43,1
52921,1917,51,1
52922,1652,13,1
52923,1060,78,1
52924,2832,109,1
52925,1298,26,2
52926,1297,105,1
52927,2870,62,2
52928,3283,49,2
52929,3219,38,3
52930,1066,105,2
52931,2355,80,1
52932,1941,58,1
52933,2027,30,2
52934,1532,40,1
52935,3097,43,3
52936,1344,35,1
52937,1146,75,1
52938,1375,26,2
52939,2833,27,3
52940,3208,66,3
52941,2125,23,2
52942,1260,75,1
52943,2574,60,2
52944,3353,117,1
52945,1530,39,2
52946,1803,22,2
52947,3147,6,1
52948,1972,29,3
52949,2476,73,1
52950,2560,71,1
52951,1125,46,1
52952,2145,86,2
52953,2534,26,1
52954,3144,39,1
52955,2204,8,2
52956,1545,59,3
52957,1910,87,1
52958,3237,119,2
52959,1673,31,1
52960,1764,31,1
52961,1728,111,1
52962,2593,19,3
52963,1907,88,4
52964,2406,32,3
52965,3066,13,3
52966,2512,36,1
52967,3288,40,1
52968,2312,70,2
52969,1795,40,1
52970,1491,97,2
52971,1463,120,1
52972,2983,7,1
52973,3383,22,1
52974,1352,87,1
52975,2202,31,2
52976,2342,7,1
52977,1878,96,1
52978,3148,14,1
52979,1065,109,2
52980,1613,64,1
52981,1356,12,3
52982,1726,40,1
52983,3423,38,1
52984,1246,45,2
52985,2478,17,1
52986,3157,52,1
52987,2355,54,3
52988,2704,11,2
52989,2701,75,1
52990,3207,30,2
52991,2383,29,1
52992,3217,59,1
52993,2299,80,2
52994,2179,5,1
52995,1486,114,3
52996,2361,1,2
52997,2256,28,1
52998,3401,48,2
52999,1474,71,2
53000,1283,11,1
53001,1835,54,2
53002,3275,64,1
53003,3129,33,2
53004,2580,56,3
53005,1909,35,4
53006,2198,45,1
53007,3110,106,1
53008,2510,23,1
53009,1708,64,1
53010,1547,3,2
53011,1029,60,2
53012,1379,1,2
53013,2701,26,1
53014,1835,75,1
53015,2931,23,3
53016,2867,6,2
53017,2314,32,1
53018,3302,56,2
53019,3339,111,2
53020,1583,57,2
53021,2857,38,1
53022,1987,73,3
53023,2800,116,2
53024,1719,7,2
53025,1889,119,3
53026,1762,101,1
53027,3361,120,2
53028,1876,66,3
53029,2339,59,1
53030,1308,48,1
53031,1682,32,1
53032,2001,78,2
53033,2261,24,3
53034,3003,75,1
53035,1896,13,1
53036,2187,21,1
53037,2039,56,1
53038,1477,15,1
53039,3384,26,1
53040,3338,3,2
53041,3440,37,2
53042,3038,67,1
53043,2338,18,2
53044,3125,25,3
53045,1403,12,2
53046,2626,62,1
53047,1182,38,1
53048,3002,55,1
53049,3330,27,1
53050,2524,52,2
53051,2615,102,3
53052,1827,10,2
53053,1335,99,2
53054,2313,3,1
53055,1860,99,3
53056,1383,5,1
53057,3403,61,1
53058,1378,36,1
53059,3094,20,3
53060,1804,119,1
53061,1861,56,2
53062,1380,44,2
53063,1618,64,2
53064,1848,15,1
53065,1571,20,2
53066,1365,13,1
53067,1740,20,2
53068,1130,31,1
53069,2792,107,1
53070,1876,19,2
53071,1853,26,2
53072,2865,50,2
53073,2155,3,1
53074,2165,18,1
53075,1575,101,1
53076,3361,45,2
53077,1527,19,2
53078,1793,72,2
53079,2558,83,1
53080,1005,67,1
53081,2414,19,1
53082,3033,84,2
53083,1581,34,3
53084,2470,58,1
53085,1533,1,2
53086,2062,105,4
53087,1220,32,2
53088,1663,38,1
53089,3453,55,2
53090,1349,39,2
53091,1518,97,2
53092,1438,29,2
53093,1031,10,1
53094,1132,24,2
53095,2661,119,2
53096,2849,30,1
53097,3417,52,1
53098,2523,26,2
53099,1435,9,1
53100,2891,24,2
53101,1485,77,2
53102,1502,1,2
53103,2689,44,1
53104,2840,23,1
53105,1174,57,2
53106,1399,92,1
53107,1124,84,2
53108,2403,75,3
53109,2673,28,2
53110,1220,28,1
53111,2178,37,4
53112,2128,27,2
53113,1805,19,1
53114,2782,18,2
53115,2830,34,1
53116,3441,21,2
53117,2367,7,3
53118,3486,35,3
53119,2612,25,1
53120,1323,23,1
53121,2945,2,1
53122,2089,34,4
53123,3413,3,3
53124,1477,19,1
53125,2033,9,2
53126,3398,38,3
53127,2104,51,2
53128,2021,43,1
53129,2046,57,2
53130,1155,90,1
53131,3035,113,1
53132,3482,36,1
53133,1813,35,1
53134,1492,93,1
53135,1418,33,1
53136,1407,16,1
53137,2965,48,2
53138,1955,91,1
53139,3111,60,2
53140,2184,44,3
53141,1060,9,1
53142,1676,85,3
53143,3111,38,2
53144,1702,14,2
53145,1112,49,2
53146,1389,98,3
53147,1963,40,1
53148,3341,37,3
53149,2837,104,1
53150,1342,101,1
53151,3407,117,1
53152,1125,83,4
53153,2065,25,1
53154,1658,75,3
53155,3137,28,1
53156,3339,117,1
53157,3208,1,3
53158,2062,54,1
53159,1383,86,2
53160,1773,23,1
53161,1344,117,2
53162,3046,59,1
53163,2734,57,2
53164,1616,33,1
53165,2954,42,1
53166,2094,12,2
53167,1362,74,2
53168,1460,22,1
53169,2016,10,2
53170,3265,51,1
53171,2885,53,1
53172,1744,22,3
53173,2159,93,1
53174,2571,49,2
53175,2088,30,1
53176,1621,1,2
53177,2580,12,2
53178,3375,74,1
53179,1001,39,3
53180,1909,33,1
53181,1168,85,1
53182,2058,25,3
53183,2823,43,1
53184,2740,3,2
53185,1462,48,2
53186,2465,60,1
53187,1837,64,1
53188,1952,14,2
53189,2018,9,1
53190,2315,44,1
53191,1089,112,3
53192,2140,76,2
53193,1398,22,2
53194,1791,69,3
53195,2646,96,2
53196,2983,83,2
53197,2059,59,1
53198,3238,58,1
53199,1011,95,1
53200,3257,9,2
53201,3117,84,2
53202,1927,100,2
53203,2542,118,2
53204,2729,58,1
53205,3382,40,1
53206,3250,37,1
53207,1369,39,2
53208,2069,102,3
53209,3453,42,2
53210,2956,108,1
53211,1182,23,1
53212,2943,2,2
53213,3274,67,3
53214,2725,34,3
53215,1409,29,1
53216,2342,22,1
53217,1101,59,2
53218,2233,70,1
53219,1732,13,1
53220,2536,49,2
53221,3280,54,1
53222,3037,31,2
53223,1058,90,1
53224,2289,32,1
53225,3201,99,2
53226,2845,70,2
53227,1787,80,1
53228,1118,28,2
53229,2656,85,1
53230,1754,71,1
53231,2624,60,1
53232,3491,22,4
53233,2742,6,2
53234,1485,10,2
53235,2851,36,3
53236,2941,25,2
53237,2598,3,1
53238,1724,24,3
53239,3061,89,3
53240,3184,73,2
53241,3198,16,1
53242,3411,33,1
53243,3288,3,2
53244,1708,52,1
53245,1055,109,2
53246,2827,14,2
53247,2740,4,1
53248,1674,17,1
53249,2960,34,3
53250,2416,73,2
53251,2889,46,1
53252,2509,117,2
53253,3283,68,2
53254,3062,29,1
53255,2099,14,3
53256,2042,32,1
53257,1596,83,3
53258,1456,7,2
53259,2832,38,3
53260,3012,60,1
53261,2846,33,1
53262,1844,30,1
53263,1681,21,1
53264,1784,98,1
53265,1298,92,1
53266,1051,42,2
53267,2585,102,1
53268,2044,27,3
53269,1940,38,2
53270,3060,89,1
53271,1940,81,1
53272,1146,84,1
53273,2623,37,1
53274,2173,23,2
53275,1705,29,1
53276,2472,34,3
53277,3191,83,2
53278,2946,47,1
53279,1438,11,2
53280,1986,44,2
53281,3057,29,2
53282,3207,80,1
53283,3401,25,1
53284,3452,11,1
53285,2963,15,2
53286,1563,28,2
53287,3450,53,2
53288,2034,5,3
53289,1927,46,1
53290,3135,39,2
53291,1461,118,1
53292,3047,6,3
53293,1706,37,1
53294,1202,78,2
53295,1496,4,1
53296,1061,6,2
53297,3138,34,1
53298,2554,1,1
53299,3286,116,1
53300,2582,18,2
53301,2526,23,2
53302,2182,8,2
53303,2307,43,1
53304,3415,22,2
53305,3254,47,1
53306,2289,39,1
53307,1400,7,3
53308,1069,33,2
53309,2142,119,1
53310,2553,23,1
53311,1188,33,3
53312,2728,23,3
53313,2519,23,2
53314,1369,68,2
53315,2830,44,1
53316,2633,59,1
53317,1171,21,3
53318,2504,67,1
53319,2205,53,2
53320,3188,79,1
53321,3485,21,1
53322,3162,34,1
53323,3317,17,1
53324,2987,63,1
53325,3422,32,2
53326,2857,99,1
53327,3435,21,2
53328,1356,12,1
53329,3138,46,2
53330,2557,3,1
53331,3341,25,1
53332,1298,72,1
53333,1482,35,2
53334,2191,65,1
53335,1757,64,2
53336,3219,58,2
53337,3425,25,2
53338,2784,26,3
53339,2369,23,3
53340,2840,9,1
53341,1540,18,1
53342,2419,52,1
53343,2306,37,2
53344,1517,19,3
53345,2503,21,3
53346,3353,2,2
53347,2401,22,2
53348,2881,5,1
53349,1727,38,3
53350,2343,89,2
53351,3130,57,2
53352,1748,9,1
53353,1558,103,1
53354,2595,118,3
53355,2528,3,1
53356,1241,78,1
53357,1241,19,1
53358,2522,120,2
53359,1447,103,3
53360,2290,3,1
53361,2485,15,1
53362,1218,85,2
53363,1290,99,2
53364,2285,41,2
53365,1354,99,1
53366,2279,51,1
53367,1576,77,1
53368,2918,38,1
53369,2688,40,1
53370,2053,36,2
53371,1360,117,1
53372,1578,107,2
53373,1338,3,1
53374,1145,22,2
53375,2651,6,3
53376,1281,30,2
53377,2474,37,4
53378,1991,25,1
53379,2118,114,2
53380,1159,75,2
53381,2029,98,3
53382,3061,10,2
53383,1933,30,1
53384,2662,118,2
53385,2824,89,2
53386,1205,35,1
53387,2491,106,1
53388,1843,41,1
53389,2365,111,1
53390,1438,10,1
53391,3457,8,1
53392,1408,104,1
53393,2588,1,2
53394,1582,30,1
53395,2593,6,1
53396,1688,53,1
53397,1957,29,1
53398,1340,41,3
53399,1746,31,1
53400,3317,22,3
53401,1207,4,2
53402,2381,6,2
53403,3409,40,1
53404,2391,10,3
53405,1409,67,2
53406,1528,38,2
53407,3416,41,2
53408,1944,43,4
53409,2179,120,2
53410,1885,101,2
53411,1485,12,4
53412,1516,107,1
53413,2164,18,2
53414,2228,44,4
53415,2379,100,1
53416,1713,112,1
53417,2531,51,3
53418,1600,13,2
53419,2994,59,2
53420,1053,53,1
53421,3242,18,1
53422,2584,76,1
53423,1989,117,3
53424,2093,65,1
53425,1793,50,1
53426,2256,52,2
53427,2608,33,1
53428,1643,21,2
53429,1045,7,3
53430,2554,25,2
53431,1433,29,1
53432,1752,46,1
53433,1612,8,1
53434,2260,24,3
53435,1130,54,2
53436,1190,21,1
53437,3276,117,1
53438,2037,25,2
53439,2572,28,1
53440,1557,41,1
53441,2869,39,3
53442,3279,78,1
53443,1762,19,2
53444,3431,70,2
53445,1984,26,2
53446,1034,85,1
53447,1764,15,2
53448,2897,100,3
53449,1469,12,3
53450,1663,18,2
53451,1689,20,2
53452,1700,17,2
53453,3002,72,1
53454,3316,4,2
53455,1866,31,1
53456,3253,59,2
53457,2899,56,1
53458,1685,64,1
53459,1206,71,2
53460,1968,40,2
53461,2537,45,1
53462,3082,116,3
53463,2130,30,1
53464,1218,57,3
53465,2952,2,3
53466,1727,60,1
53467,1936,5,2
53468,1242,29,1
53469,1865,77,4
53470,1449,12,1
53471,1041,41,1
53472,1522,7,2
53473,1611,5,1
53474,1534,76,1
53475,1422,27,3
53476,1169,85,1
53477,1192,33,1
53478,1807,2,1
53479,1945,115,3
53480,2871,33,2
53481,3200,3,1
53482,1093,60,3
53483,1303,33,2
53484,3490,6,1
53485,1893,1,1
53486,2079,38,2
53487,2585,25,1
53488,3324,7,2
53489,1057,32,1
53490,2662,52,3
53491,2610,22,1
53492,2569,33,2
53493,3097,72,1
53494,2481,19,1
53495,2043,22,3
53496,2806,113,3
53497,3476,68,1
53498,3324,21,1
53499,1685,25,3
53500,1691,34,2
53501,2210,109,1
53502,1886,65,3
53503,3272,69,1
53504,1619,17,2
53505,1160,36,1
53506,3433,120,3
53507,2669,8,2
53508,2274,103,1
53509,2557,27,1
53510,3292,28,3
53511,2153,106,1
53512,2497,52,1
53513,2067,102,1
53514,1986,12,2
53515,2661,9,1
53516,2514,93,3
53517,2100,35,1
53518,2644,49,1
53519,2374,112,1
53520,1982,39,1
53521,2609,40,2
53522,3059,23,1
53523,1518,11,2
53524,2169,38,1
53525,2360,120,1
53526,2254,31,2
53527,1584,32,2
53528,3358,30,2
53529,1981,9,1
53530,1559,39,2
53531,2576,10,1
53532,1215,109,1
53533,2015,66,1
53534,2701,90,2
53535,1874,62,1
53536,2854,48,1
53537,1427,101,1
53538,1122,24,1
53539,2459,105,2
53540,1492,18,1
53541,3281,26,2
53542,1856,29,1
53543,3070,69,1
53544,2093,96,3
53545,1670,81,2
53546,3166,31,3
53547,1911,115,1
53548,2855,14,1
53549,1771,1,2
53550,1456,22,1
53551,2462,95,1
53552,3199,12,1
53553,1186,5,3
53554,2981,86,1
53555,1763,27,1
53556,1491,40,1
53557,1505,67,4
53558,2630,23,1
53559,1143,7,2
53560,2548,52,1
53561,2600,1,1
53562,3461,59,1
53563,2008,32,1
53564,2442,87,2
53565,1617,55,1
53566,1929,67,3
53567,1713,12,1
53568,2940,48,2
53569,1928,23,1
53570,3077,22,1
53571,1200,55,2
53572,1186,33,1
53573,1494,66,1
53574,1818,24,2
53575,2623,18,2
53576,1910,98,1
53577,1749,76,1
53578,2780,109,1
53579,2648,31,1
53580,2812,65,3
53581,1887,105,4
53582,1580,117,2
53583,3488,25,2
53584,2417,59,3
53585,1754,12,3
53586,2658,6,2
53587,2382,2,1
53588,2595,36,2
53589,1469,29,1
53590,2625,56,1
53591,1025,31,3
53592,1938,90,2
53593,2326,3,1
53594,1900,66,1
53595,2174,48,2
53596,3338,96,1
53597,2285,76,1
53598,1184,29,1
53599,1275,34,1
53600,2096,19,2
53601,2351,21,1
53602,3332,103,1
53603,1866,55,1
53604,3241,26,3
53605,1561,6,2
53606,2780,101,3
53607,3032,3,2
53608,1613,27,1
53609,2761,120,1
53610,2652,39,1
53611,3319,116,1
53612,1883,14,1
53613,1327,66,2
53614,1540,33,1
53615,2389,77,1
53616,3190,58,1
53617,1851,119,2
53618,2264,20,3
53619,2346,21,2
53620,3099,59,1
53621,1510,6,1
53622,1495,52,2
53623,2991,69,1
53624,2158,55,2
53625,1028,61,1
53626,1574,38,1
53627,3231,54,2
53628,3033,39,1
53629,2267,83,2
53630,2719,93,2
53631,1138,31,1
53632,1135,8,1
53633,2926,19,3
53634,2581,119,1
53635,2902,24,2
53636,3316,45,1
53637,2315,12,1
53638,3431,21,2
53639,1661,35,2
53640,2693,54,1
53641,2286,57,4
53642,3292,91,1
53643,2153,34,1
53644,2015,31,2
53645,2196,70,1
53646,2054,70,1
53647,3471,60,1
53648,1993,89,1
53649,1927,49,3
53650,2679,37,2
53651,3299,8,1
53652,1195,57,1
53653,2953,67,2
53654,3357,58,1
53655,3386,89,1
53656,1408,24,5
53657,3338,22,1
53658,1709,16,2
53659,2234,97,1
53660,2424,14,1
53661,3398,5,2
53662,1152,22,1
53663,2246,23,3
53664,1607,68,1
53665,1579,92,1
53666,1436,4,2
53667,2365,92,3
53668,3165,73,2
53669,2930,118,3
53670,2762,103,3
53671,1281,32,1
53672,3263,29,1
53673,1906,8,1
53674,3220,42,2
53675,1751,14,1
53676,1645,105,2
53677,2269,26,2
53678,2085,24,2
53679,2846,74,2
53680,3066,73,2
53681,1114,11,1
53682,1576,49,1
53683,1205,3,2
53684,2995,30,2
53685,1153,31,2
53686,1239,18,2
53687,1192,18,1
53688,3496,114,1
53689,2379,66,2
53690,1814,17,3
53691,1957,1,1
53692,1550,39,2
53693,1040,8,1
53694,1808,35,1
53695,1503,54,2
53696,2868,21,1
53697,2959,52,2
53698,2291,22,2
53699,1862,6,3
53700,1945,78,2
53701,1698,27,1
53702,2109,65,3
53703,2877,19,2
53704,1067,6,3
53705,1542,32,1
53706,1239,34,2
53707,3238,24,1
53708,2950,56,1
53709,1433,60,2
53710,1749,102,1
53711,1931,35,2
53712,1631,76,1
53713,1262,11,1
53714,3452,19,2
53715,2614,70,1
53716,2043,105,3
53717,1768,23,1
53718,1763,3,2
53719,3174,37,2
53720,1171,32,3
53721,1204,43,1
53722,2861,96,1
53723,1923,52,2
53724,1424,60,1
53725,1729,44,1
53726,3023,6,2
53727,2588,68,2
53728,1902,46,2
53729,2184,4,2
53730,2538,11,1
53731,2566,87,1
53732,1799,61,1
53733,1828,110,1
53734,2237,21,1
53735,3044,39,3
53736,2354,15,2
53737,2532,53,2
53738,3078,43,1
53739,1776,75,1
53740,3035,26,1
53741,1856,20,2
53742,2296,29,2
53743,2942,26,4
53744,1655,119,2
53745,2635,23,2
53746,1580,85,2
53747,1645,10,2
53748,1479,14,2
53749,2301,39,2
53750,2647,28,1
53751,1631,46,2
53752,2215,46,2
53753,2373,60,2
53754,3106,18,1
53755,1438,18,2
53756,1165,19,1
53757,1643,3,1
53758,1724,84,2
53759,1312,30,1
53760,3094,44,1
53761,2783,58,1
53762,3045,110,2
53763,3387,11,1
53764,2073,42,1
53765,1547,81,3
53766,1174,66,1
53767,3039,37,1
53768,2967,31,1
53769,2588,50,1
53770,2635,64,1
53771,1891,26,1
53772,1457,54,2
53773,1791,10,1
53774,1261,6,1
53775,1461,36,1
53776,3093,119,2
53777,1458,20,1
53778,2828,14,1
53779,2137,57,1
53780,1395,57,1
53781,3250,8,1
53782,2769,21,1
53783,1008,12,1
53784,1805,78,1
53785,1772,81,3
53786,2317,51,2
53787,3168,98,1
53788,1007,118,1
53789,1700,59,1
53790,1255,13,1
53791,2873,68,1
53792,1930,18,2
53793,3054,53,1
53794,1834,16,1
53795,3071,24,2
53796,3221,113,2
53797,2015,30,2
53798,1445,3,2
53799,1642,8,3
53800,3493,18,2
53801,1916,26,1
53802,2888,63,1
53803,1081,36,1
53804,3019,22,1
53805,2516,86,2
53806,1025,58,1
53807,2091,23,1
53808,1521,35,2
53809,3060,72,1
53810,3430,38,1
53811,2224,36,1
53812,1729,61,3
53813,1617,73,1
53814,2509,73,1
53815,2449,44,1
53816,1566,27,1
53817,3316,86,3
53818,2406,40,1
53819,1036,70,3
53820,1559,60,2
53821,2946,20,2
53822,2687,30,2
53823,2623,38,2
53824,1015,60,1
53825,3039,32,2
53826,3338,29,3
53827,3491,70,2
53828,1460,28,1
53829,2406,19,3
53830,3197,84,2
53831,3393,29,1
53832,2187,40,2
53833,2615,91,3
53834,1700,2,2
53835,2878,13,2
53836,2187,42,3
53837,2108,29,2
53838,2468,28,4
53839,3347,42,2
53840,2351,38,1
53841,2940,24,1
53842,3266,28,4
53843,2831,61,2
53844,1193,2,1
53845,2651,20,1
53846,2457,41,4
53847,2586,38,1
53848,2069,67,3
53849,2205,39,1
53850,1212,36,3
53851,1484,26,1
53852,2697,82,3
53853,1835,24,2
53854,1194,30,1
53855,1538,42,4
53856,2611,31,3
53857,2641,92,1
53858,1675,22,1
53859,1516,12,3
53860,3446,36,3
53861,1730,6,3
53862,1511,51,2
53863,2207,21,4
53864,2059,36,2
53865,2181,51,1
53866,2525,60,1
53867,1949,31,2
53868,1025,23,2
53869,2424,6,1
53870,3440,8,1
53871,1374,103,2
53872,2934,25,1
53873,1643,29,1
53874,3195,48,1
53875,2315,46,1
53876,1741,50,2
53877,1573,71,3
53878,1415,37,1
53879,1344,22,2
53880,2376,117,2
53881,2263,49,1
53882,2835,29,1
53883,1879,25,2
53884,2218,37,1
53885,2211,15,1
53886,1487,30,1
53887,2881,10,1
53888,3470,11,2
53889,1124,4,3
53890,3170,3,2
53891,1823,37,1
53892,3461,114,3
53893,3072,26,1
53894,3280,6,1
53895,1039,38,2
53896,2780,3,1
53897,2252,27,2
53898,2341,76,2
53899,1204,19,1
53900,1439,36,2
53901,2562,36,2
53902,2813,66,1
53903,1267,108,1
53904,1859,85,1
53905,2540,54,1
53906,2073,111,3
53907,3399,62,2
53908,1459,20,1
53909,3365,8,1
53910,2394,3,1
53911,3138,30,1
53912,1697,53,1
53913,3116,40,4
53914,2875,55,3
53915,2519,96,3
53916,2345,59,1
53917,3123,79,2
53918,1210,3,1
53919,3206,43,2
53920,1563,38,2
53921,2850,95,3
53922,1058,119,1
53923,2075,104,1
53924,2089,67,1
53925,1654,33,2
53926,3143,6,1
53927,1859,31,1
53928,2779,84,2
53929,3497,116,1
53930,3206,11,1
53931,1092,80,1
53932,3346,46,2
53933,3363,11,1
53934,1605,54,3
53935,1905,92,1
53936,1366,51,1
53937,1084,75,1
53938,1048,71,2
53939,1081,64,3
53940,1499,59,2
53941,3181,19,2
53942,2942,31,1
53943,2747,2,2
53944,3175,38,2
53945,1503,11,1
53946,1249,90,2
53947,2640,11,3
53948,3174,33,2
53949,2801,12,1
53950,3087,73,1
53951,1991,62,1
53952,1029,58,1
53953,2762,10,3
53954,2844,43,1
53955,2538,36,1
53956,3326,12,2
53957,2555,33,1
53958,1174,57,2
53959,1744,26,1
53960,3231,53,1
53961,2021,37,2
53962,1336,29,1
53963,2688,4,3
53964,2891,111,1
53965,3193,90,1
53966,2677,82,4
53967,1153,18,1
53968,3239,16,2
53969,1584,27,1
53970,2729,17,2
53971,2061,55,1
53972,1475,39,2
53973,1865,119,2
53974,2686,42,1
53975,3485,41,2
53976,3333,17,1
53977,3085,29,1
53978,2310,72,3
53979,2346,35,3
53980,1556,84,1
53981,1087,54,2
53982,3264,104,2
53983,2109,62,1
53984,1831,27,1
53985,1266,27,1
53986,3246,32,2
53987,1958,10,1
53988,2945,29,3
53989,3478,4,2
53990,2429,14,2
53991,1523,32,1
53992,2083,62,2
53993,1697,88,1
53994,1348,52,1
53995,2099,63,2
53996,1080,16,1
53997,2114,7,1
53998,1653,28,2
53999,1243,60,1
54000,2267,5,2
54001,2907,18,2
54002,2944,13,3
54003,3352,26,1
54004,1726,36,2
54005,1759,29,1
54006,1876,4,3
54007,1211,10,3
54008,2567,24,1
54009,2945,18,1
54010,2635,26,4
54011,1143,11,2
54012,1968,34,1
54013,2476,18,1
54014,3389,11,1
54015,1122,16,2
54016,1996,19,2
54017,2889,15,1
54018,1366,2,1
54019,1383,18,1
54020,2559,57,1
54021,2596,26,2
54022,1491,9,1
54023,2144,64,4
54024,3031,6,1
54025,1280,21,1
54026,2862,28,1
54027,1592,90,3
54028,2200,85,2
54029,2627,11,2
54030,1741,19,1
54031,1069,50,2
54032,2827,76,2
54033,1092,6,1
54034,2723,52,1
54035,1534,23,2
54036,2907,50,1
54037,1548,32,1
54038,2470,52,2
54039,1433,4,2
54040,2309,118,1
54041,1699,78,1
54042,2657,110,1
54043,2694,38,1
54044,2752,77,1
54045,2898,22,1
54046,1039,29,1
54047,3093,75,2
54048,3283,119,2
54049,2194,59,2
54050,1535,10,2
54051,3167,107,2
54052,2609,45,2
54053,1943,29,1
54054,3088,35,2
54055,1646,19,1
54056,3161,29,1
54057,1039,6,2
54058,1816,76,1
54059,1059,31,1
54060,1006,87,2
54061,3246,28,2
54062,2194,73,1
54063,1019,17,2
54064,3341,79,2
54065,1487,21,1
54066,1094,43,1
54067,1623,85,3
54068,3025,15,1
54069,3178,119,1
54070,2883,80,2
54071,2379,23,2
54072,3243,29,1
54073,1094,119,2
54074,3109,28,2
54075,1396,68,2
54076,2825,4,1
54077,1378,58,1
54078,2512,71,1
54079,2265,1,1
54080,1774,41,2
54081,1979,34,2
54082,1122,33,3
54083,2025,29,1
54084,2656,25,1
54085,3254,1,1
54086,1570,78,3
54087,1623,108,1
54088,3102,30,2
54089,2601,17,1
54090,2419,23,1
54091,1556,32,2
54092,1789,26,2
54093,2861,10,1
54094,1357,4,3
54095,1571,51,1
54096,1439,54,3
54097,2340,21,1
54098,2174,53,2
54099,2903,48,2
54100,1226,34,2
54101,3300,25,2
54102,2877,3,1
54103,1719,5,1
54104,3325,74,2
54105,1120,49,2
54106,3180,61,1
54107,2331,9,2
54108,2278,22,2
54109,1727,95,1
54110,2716,110,1
54111,1438,51,3
54112,1969,16,1
54113,1839,110,1
54114,3014,89,2
54115,2727,14,3
54116,3190,11,2
54117,1516,86,1
54118,2614,21,1
54119,2586,113,1
54120,1625,89,4
54121,2810,94,1
54122,3235,29,2
54123,2913,86,1
54124,3368,7,1
54125,1445,70,2
54126,3050,50,2
54127,2282,87,1
54128,2259,14,3
54129,3243,4,1
54130,1617,14,2
54131,2459,9,1
54132,3354,61,3
54133,2132,63,1
54134,1506,20,1
54135,3254,5,2
54136,2898,34,2
54137,3403,77,2
54138,3059,63,1
54139,2719,33,1
54140,2659,21,1
54141,1412,106,2
54142,1373,12,1
54143,2142,6,3
54144,2012,84,1
54145,3162,28,1
54146,3034,17,1
54147,1829,7,3
54148,1430,58,2
54149,1202,9,1
54150,1132,107,1
54151,1478,36,4
54152,1405,55,2
54153,1186,64,1
54154,2589,85,2
54155,1208,69,1
54156,1403,50,2
54157,3145,32,1
54158,1038,43,2
54159,1915,26,3
54160,1488,6,1
54161,2817,21,1
54162,2931,15,1
54163,1928,34,1
54164,1433,38,1
54165,2925,105,1
54166,1531,100,2
54167,2573,36,1
54168,1494,36,1
54169,2832,98,2
54170,1434,81,2
54171,1061,58,2
54172,2500,75,2
54173,1060,9,1
54174,2200,5,2
54175,1762,4,2
54176,2600,53,1
54177,3258,35,1
54178,2063,36,3
54179,2460,20,2
54180,1484,32,1
54181,1581,2,1
54182,1472,90,2
54183,1018,21,1
54184,1891,2,4
54185,3140,66,1
54186,2155,84,1
54187,3367,18,1
54188,2199,28,2
54189,1438,80,2
54190,1305,91,2
54191,1413,23,1
54192,2544,32,2
54193,2589,73,1
54194,2003,40,2
54195,3252,1,1
54196,2334,4,2
54197,3042,25,1
54198,3009,39,2
54199,1500,28,1
54200,3260,24,3
54201,2839,111,3
54202,1403,19,1
54203,3075,12,2
54204,2063,2,2
54205,2891,13,1
54206,1077,10,1
54207,2514,74,2
54208,2894,22,1
54209,1111,22,2
54210,3048,32,1
54211,2968,28,2
54212,2970,42,2
54213,2257,117,3
54214,1065,75,1
54215,2235,31,2
54216,2880,53,3
54217,2361,33,2
54218,3163,25,2
54219,3114,82,1
54220,2837,29,2
54221,2545,45,2
54222,2958,107,2
54223,3246,113,1
54224,2949,25,1
54225,3166,37,2
54226,2946,54,3
54227,2078,37,1
54228,2611,48,2
54229,2517,69,3
54230,1024,21,1
54231,3473,76,1
54232,1819,43,2
54233,2840,29,1
54234,1036,31,1
54235,2940,35,2
54236,3047,72,1
54237,1315,41,3
54238,1988,97,1
54239,2953,13,3
54240,1533,27,2
54241,1718,105,3
54242,2974,3,2
54243,3007,24,1
54244,3014,6,2
54245,3224,30,2
54246,2098,93,1
54247,2535,4,1
54248,2740,101,2
54249,1733,6,3
54250,2692,119,2
54251,2090,13,1
54252,2100,23,3
54253,1292,21,2
54254,1884,63,1
54255,1161,81,2
54256,1134,27,2
54257,2879,9,2
54258,2543,44,2
54259,3306,35,1
54260,2774,118,2
54261,3305,13,2
54262,2331,26,3
54263,3252,40,1
54264,1896,68,3
54265,3020,3,3
54266,1655,84,2
54267,1195,39,1
54268,2758,14,1
54269,2356,95,1
54270,1680,50,1
54271,3003,39,2
54272,2530,1,1
54273,2234,94,1
54274,3028,114,2
54275,1182,44,1
54276,3314,106,1
54277,1318,110,1
54278,1975,49,1
54279,1141,46,3
54280,1642,27,2
54281,1687,23,2
54282,1166,12,3
54283,2409,82,1
54284,1464,48,2
54285,1136,13,1
54286,3379,38,2
54287,1852,48,1
54288,1789,90,2
54289,1668,45,1
54290,1029,81,1
54291,3205,108,3
54292,1501,9,2
54293,3374,11,1
54294,3451,40,1
54295,1231,8,1
54296,3033,23,1
54297,2522,23,2
54298,1060,40,2
54299,1380,55,1
54300,2400,44,1
54301,2828,8,1
54302,1409,28,1
54303,2734,89,1
54304,2939,37,1
54305,2569,5,1
54306,1104,94,3
54307,1936,19,3
54308,3429,18,2
54309,1562,27,1
54310,1680,63,1
54311,2359,31,2
54312,1385,25,3
54313,2226,22,2
54314,3119,96,2
54315,1572,40,1
54316,1519,29,2
54317,1382,28,1
54318,2041,51,1
54319,1448,41,1
54320,2239,76,1
54321,2565,87,2
54322,1855,86,1
54323,2761,32,1
54324,1234,15,1
54325,2774,37,1
54326,2366,52,1
54327,3217,11,1
54328,2790,76,3
54329,1073,69,3
54330,2629,39,2
54331,1887,91,1
54332,2528,19,1
54333,1707,12,2
54334,1035,78,2
54335,2661,10,3
54336,2831,14,2
54337,1738,43,3
54338,1694,68,2
54339,3333,60,1
54340,1046,80,1
54341,1697,95,1
54342,1162,13,4
54343,2403,82,2
54344,3378,27,2
54345,2167,41,3
54346,1948,42,1
54347,1899,27,1
54348,3206,45,3
54349,1383,19,3
54350,1910,21,1
54351,1087,105,1
54352,2889,22,1
54353,1454,114,2
54354,1224,34,2
54355,1894,72,1
54356,1042,11,2
54357,2111,35,2
54358,2743,48,1
54359,1811,64,1
54360,1050,60,1
54361,2782,27,3
54362,1406,29,2
54363,1805,35,1
54364,2924,53,1
54365,2721,82,1
54366,2728,87,2
54367,1737,42,1
54368,2136,83,1
54369,1409,35,2
54370,1080,116,1
54371,1706,26,1
54372,1168,90,1
54373,2092,63,1
54374,3032,9,1
54375,1804,33,3
54376,3345,39,2
54377,2470,98,1
54378,2514,73,2
54379,3291,49,1
54380,2915,17,1
54381,1258,41,2
54382,3439,37,2
54383,2281,29,1
54384,1714,9,2
54385,3471,2,3
54386,3382,76,1
54387,2750,16,1
54388,2681,70,2
54389,3140,27,3
54390,2872,13,3
54391,2439,89,2
54392,2696,85,1
54393,1957,23,1
54394,2506,43,1
54395,3494,42,1
54396,1610,26,1
54397,3117,22,1
54398,2861,58,1
54399,1967,34,2
54400,1136,22,2
54401,2093,119,2
54402,3085,21,1
54403,1864,13,2
54404,2929,64,1
54405,1751,36,1
54406,3353,43,1
54407,2851,37,1
54408,2764,37,2
54409,1191,27,1
54410,3345,30,1
54411,3109,77,1
54412,2972,101,1
54413,2321,90,1
54414,3338,4,1
54415,3297,23,1
54416,3232,95,2
54417,1765,83,2
54418,2647,79,3
54419,1060,39,1
54420,3381,17,2
54421,3320,86,1
54422,3009,5,1
54423,1835,68,2
54424,2899,1,1
54425,2261,46,1
54426,2659,46,3
54427,3422,28,2
54428,1356,48,2
54429,3463,64,1
54430,2156,39,1
54431,1109,120,1
54432,1735,11,2
54433,1008,40,1
54434,3172,9,2
54435,2138,48,4
54436,1222,63,1
54437,2696,21,2
54438,2582,49,1
54439,2407,97,1
54440,3375,82,3
54441,2034,99,2
54442,1581,117,2
54443,2838,64,2
54444,2949,20,3
54445,2222,2,1
54446,1833,18,3
54447,1268,33,2
54448,1615,40,3
54449,2212,97,1
54450,2336,61,1
54451,1603,39,1
54452,2388,106,1
54453,2128,14,1
54454,3211,19,1
54455,2576,86,1
54456,2934,25,2
54457,1546,88,2
54458,1491,26,3
54459,2083,27,1
54460,2335,73,1
54461,2036,37,1
54462,2984,83,2
54463,2209,85,3
54464,2221,12,2
54465,3398,5,3
54466,1912,28,3
54467,2090,53,2
54468,1240,33,1
54469,1540,110,1
54470,1992,25,3
54471,2262,12,1
54472,1910,74,1
54473,3182,92,3
54474,2140,48,3
54475,2114,97,1
54476,3239,12,2
54477,3041,32,1
54478,2132,113,1
54479,1520,22,3
54480,2561,35,1
54481,3166,39,1
54482,1301,19,1
54483,1713,2,3
54484,2050,17,1
54485,2682,45,2
54486,1045,33,2
54487,3331,46,2
54488,1774,93,1
54489,3460,45,1
54490,3408,120,2
54491,2015,18,1
54492,2955,93,1
54493,3029,26,1
54494,2524,114,2
54495,2043,22,2
54496,3143,109,3
54497,1391,40,1
54498,3162,80,4
54499,2648,1,3
