order_id,customer_id,order_date
1000,448,2025-01-15
1001,284,2024-04-15
1002,365,2025-06-12
1003,436,2024-05-07
1004,146,2024-03-26
1005,391,2024-06-13
1006,140,2025-04-05
1007,464,2025-06-09
1008,76,2025-03-23
1009,47,2024-08-15
1010,419,2025-04-06
1011,453,2024-12-23
1012,477,2024-01-28
1013,213,2024-02-24
1014,203,2025-05-29
1015,192,2024-08-29
1016,198,2024-03-24
1017,192,2024-08-17
1018,15,2024-11-22
1019,477,2024-04-11
1020,430,2024-12-09
1021,406,2024-05-29
1022,71,2024-02-09
1023,147,2025-04-28
1024,357,2024-05-22
1025,389,2025-04-25
1026,230,2025-09-22
1027,3,2024-03-22
1028,10,2024-09-19
1029,111,2024-06-02
1030,281,2025-09-15
1031,271,2025-03-09
1032,57,2024-10-22
1033,122,2024-11-04
1034,63,2024-02-18
1035,123,2025-03-05
1036,328,2025-09-29
1037,235,2024-03-05
1038,57,2025-05-26
1039,306,2025-07-02
1040,9,2025-06-11
1041,295,2024-09-04
1042,368,2024-05-27
1043,150,2025-03-15
1044,1,2025-09-21
1045,181,2024-09-03
1046,293,2025-03-02
1047,96,2024-03-28
1048,269,2025-01-04
1049,35,2025-06-22
1050,279,2025-06-03
1051,403,2025-06-03
1052,284,2024-01-21
1053,200,2025-04-26
1054,23,2025-01-31
1055,192,2024-09-16
1056,383,2024-01-17
1057,183,2024-03-10
1058,177,2024-09-03
1059,376,2024-04-16
1060,396,2025-08-18
1061,377,2024-12-06
1062,69,2024-02-15
1063,181,2025-07-13
1064,174,2024-06-28
1065,426,2025-04-20
1066,357,2025-05-05
1067,324,2024-07-05
1068,416,2024-05-18
1069,33,2025-04-13
1070,19,2024-10-27
1071,104,2024-02-14
1072,406,2024-07-23
1073,454,2024-02-12
1074,162,2024-11-13
1075,264,2025-02-11
1076,418,2025-07-10
1077,243,2024-09-16
1078,19,2024-07-14
1079,147,2024-12-31
1080,442,2024-02-18
1081,444,2024-12-05
1082,140,2024-05-07
1083,410,2025-01-11
1084,224,2025-02-13
1085,381,2025-03-26
1086,459,2025-01-30
1087,174,2024-07-10
1088,255,2025-05-24
1089,189,2025-06-15
1090,137,2024-03-25
1091,373,2025-03-10
1092,41,2025-03-16
1093,309,2024-07-03
1094,280,2024-10-27
1095,165,2024-04-15
1096,41,2024-12-01
1097,339,2024-10-29
1098,157,2025-04-01
1099,309,2025-03-12
1100,86,2025-03-30
1101,180,2025-04-02
1102,22,2024-12-27
1103,315,2025-03-21
1104,141,2024-02-28
1105,39,2025-02-19
1106,187,2025-06-09
1107,411,2024-06-12
1108,488,2024-02-01
1109,74,2025-09-14
1110,348,2025-03-24
1111,18,2024-05-09
1112,35,2024-08-29
1113,399,2025-01-10
1114,186,2025-01-27
1115,487,2025-08-03
1116,17,2025-09-11
1117,79,2025-04-05
1118,486,2025-01-14
1119,191,2025-03-30
1120,391,2024-03-19
1121,294,2024-05-20
1122,272,2025-01-10
1123,204,2024-11-17
1124,333,2024-10-12
1125,128,2024-04-26
1126,14,2024-07-09
1127,256,2025-06-14
1128,199,2025-07-29
1129,61,2024-09-25
1130,397,2024-09-23
1131,361,2025-04-01
1132,110,2025-09-18
1133,147,2025-05-17
1134,103,2024-05-05
1135,70,2024-03-16
1136,232,2024-06-25
1137,461,2025-03-31
1138,45,2024-11-23
1139,342,2024-12-21
1140,364,2024-03-07
1141,282,2025-07-09
1142,149,2024-11-03
1143,436,2024-06-10
1144,365,2024-06-27
1145,407,2025-01-05
1146,261,2024-08-17
1147,63,2024-07-24
1148,406,2024-05-22
1149,122,2025-05-20
1150,14,2025-01-04
1151,284,2025-08-09
1152,189,2025-04-23
1153,412,2025-07-18
1154,67,2025-09-18
1155,453,2024-03-29
1156,34,2024-11-12
1157,204,2025-05-05
1158,270,2025-02-24
1159,394,2025-02-23
1160,422,2025-08-11
1161,38,2024-05-08
1162,498,2024-11-20
1163,329,2024-03-16
1164,231,2025-04-22
1165,349,2025-06-13
1166,177,2024-05-11
1167,450,2025-07-18
1168,328,2025-08-24
1169,94,2024-05-12
1170,222,2025-05-29
1171,467,2024-02-26
1172,426,2024-05-07
1173,266,2024-06-05
1174,156,2024-06-17
1175,83,2024-11-26
1176,479,2024-08-18
1177,178,2025-06-15
1178,459,2024-10-17
1179,434,2024-03-21
1180,129,2024-07-20
1181,326,2025-07-18
1182,141,2024-05-08
1183,321,2024-11-06
1184,315,2025-06-30
1185,48,2025-05-29
1186,329,2024-06-21
1187,304,2025-08-17
1188,79,2024-06-24
1189,338,2025-09-11
1190,173,2025-07-31
1191,22,2024-01-30
1192,42,2024-02-16
1193,486,2025-08-13
1194,136,2024-08-03
1195,393,2025-08-08
1196,214,2025-09-24
1197,328,2024-02-01
1198,255,2025-07-12
1199,149,2024-11-05
1200,248,2024-09-07
1201,413,2025-02-19
1202,153,2025-04-09
1203,38,2024-03-02
1204,81,2025-03-26
1205,213,2025-05-10
1206,238,2024-07-27
1207,175,2025-09-13
1208,74,2024-11-16
1209,442,2024-11-22
1210,376,2024-12-19
1211,500,2025-02-12
1212,67,2025-01-14
1213,264,2025-07-29
1214,55,2024-11-22
1215,124,2025-04-22
1216,63,2024-09-30
1217,231,2024-09-10
1218,73,2024-04-09
1219,26,2024-10-24
1220,485,2025-01-28
1221,443,2025-09-22
1222,215,2024-09-11
1223,493,2024-06-12
1224,417,2024-12-01
1225,479,2025-08-14
1226,370,2024-11-16
1227,98,2024-06-12
1228,256,2025-06-11
1229,240,2025-05-25
1230,451,2024-11-11
1231,255,2024-01-24
1232,47,2025-02-06
1233,259,2025-04-13
1234,495,2024-09-03
1235,111,2025-08-20
1236,181,2024-02-19
1237,26,2024-10-15
1238,254,2025-09-03
1239,452,2025-04-26
1240,147,2025-07-03
1241,5,2024-04-20
1242,221,2024-05-17
1243,452,2024-09-27
1244,373,2025-01-09
1245,392,2025-02-16
1246,188,2024-02-16
1247,206,2024-02-22
1248,292,2025-07-29
1249,100,2025-01-06
1250,284,2024-10-22
1251,38,2025-01-30
1252,259,2025-04-06
1253,392,2025-07-17
1254,144,2025-09-30
1255,349,2025-09-17
1256,61,2024-05-11
1257,500,2024-04-09
1258,202,2025-01-17
1259,407,2024-12-13
1260,286,2025-01-09
1261,387,2024-05-27
1262,102,2025-09-08
1263,261,2025-02-15
1264,257,2024-02-11
1265,24,2024-02-09
1266,71,2024-12-07
1267,412,2025-04-30
1268,266,2025-04-12
1269,77,2025-09-12
1270,458,2025-06-11
1271,72,2024-12-01
1272,477,2025-09-19
1273,164,2024-06-15
1274,202,2025-09-23
1275,379,2024-11-02
1276,304,2024-12-10
1277,260,2025-06-05
1278,273,2025-05-16
1279,363,2025-07-30
1280,154,2025-05-01
1281,418,2024-01-18
1282,189,2024-12-05
1283,345,2024-04-22
1284,214,2025-08-20
1285,158,2024-01-28
1286,306,2025-04-30
1287,136,2025-08-15
1288,296,2024-08-21
1289,370,2024-02-22
1290,299,2025-05-06
1291,88,2025-06-20
1292,323,2025-09-26
1293,397,2025-01-24
1294,76,2024-09-05
1295,17,2025-08-09
1296,486,2024-04-22
1297,98,2024-01-20
1298,226,2024-11-17
1299,215,2024-06-04
1300,212,2024-07-27
1301,211,2025-05-28
1302,397,2025-09-18
1303,472,2025-04-27
1304,447,2024-03-04
1305,362,2024-05-21
1306,266,2024-07-31
1307,288,2024-11-28
1308,340,2025-05-04
1309,270,2025-01-20
1310,161,2024-06-26
1311,236,2025-06-29
1312,176,2025-07-13
1313,182,2024-09-27
1314,313,2025-05-10
1315,99,2024-09-09
1316,143,2025-07-25
1317,153,2024-08-18
1318,483,2024-10-31
1319,395,2024-10-22
1320,361,2024-07-31
1321,354,2025-05-15
1322,163,2025-05-06
1323,179,2025-07-27
1324,479,2024-10-07
1325,148,2024-05-04
1326,294,2025-07-10
1327,195,2025-02-08
1328,420,2024-12-19
1329,489,2024-05-29
1330,149,2024-02-13
1331,148,2024-03-21
1332,178,2025-03-28
1333,336,2024-09-19
1334,383,2025-05-05
1335,110,2024-07-25
1336,424,2025-07-05
1337,139,2025-07-29
1338,357,2024-10-05
1339,71,2024-04-21
1340,316,2025-08-23
1341,123,2024-09-05
1342,26,2025-06-27
1343,116,2024-08-26
1344,27,2024-04-12
1345,212,2024-12-04
1346,368,2025-04-28
1347,52,2024-05-20
1348,3,2025-07-17
1349,476,2024-06-10
1350,209,2025-05-02
1351,245,2024-07-23
1352,388,2024-10-21
1353,165,2024-10-19
1354,331,2024-03-01
1355,465,2024-04-01
1356,334,2025-08-10
1357,119,2025-07-01
1358,379,2024-02-08
1359,468,2024-06-28
1360,214,2024-06-29
1361,479,2024-02-07
1362,429,2025-02-10
1363,404,2025-05-22
1364,96,2024-10-23
1365,449,2024-02-08
1366,5,2024-11-01
1367,291,2025-09-09
1368,55,2024-12-09
1369,146,2025-04-10
1370,329,2025-07-10
1371,269,2025-05-20
1372,456,2024-05-17
1373,436,2025-05-31
1374,240,2024-10-06
1375,99,2024-04-25
1376,170,2024-06-15
1377,375,2025-04-14
1378,332,2024-09-20
1379,368,2024-07-09
1380,8,2024-12-11
1381,405,2024-10-29
1382,291,2024-07-16
1383,90,2025-09-17
1384,439,2025-02-19
1385,424,2025-03-13
1386,264,2024-12-01
1387,45,2025-02-14
1388,343,2024-04-07
1389,95,2024-05-23
1390,245,2024-11-27
1391,480,2024-09-11
1392,4,2024-09-24
1393,197,2024-08-29
1394,229,2024-09-30
1395,489,2024-12-03
1396,155,2025-08-19
1397,371,2025-08-09
1398,6,2024-09-24
1399,335,2025-01-03
1400,355,2024-08-29
1401,32,2024-05-01
1402,239,2024-11-10
1403,82,2025-02-19
1404,352,2025-05-29
1405,473,2024-11-14
1406,354,2024-04-30
1407,328,2024-10-29
1408,189,2025-09-21
1409,114,2024-08-12
1410,491,2024-05-16
1411,245,2024-06-05
1412,233,2025-09-12
1413,192,2025-03-01
1414,360,2025-07-16
1415,468,2025-04-27
1416,388,2025-07-04
1417,411,2024-08-11
1418,391,2024-09-10
1419,349,2025-09-02
1420,448,2024-03-24
1421,270,2025-04-02
1422,271,2025-01-05
1423,40,2025-07-31
1424,58,2024-03-04
1425,425,2025-07-14
1426,463,2025-06-01
1427,104,2025-08-09
1428,275,2024-06-02
1429,85,2024-12-01
1430,438,2025-06-16
1431,227,2024-04-29
1432,349,2024-07-29
1433,368,2025-08-20
1434,251,2024-04-03
1435,461,2025-06-06
1436,229,2024-02-26
1437,233,2024-05-15
1438,263,2025-03-01
1439,234,2025-07-31
1440,30,2025-07-26
1441,237,2024-11-11
1442,371,2024-01-23
1443,203,2024-09-17
1444,419,2024-01-04
1445,382,2024-08-11
1446,297,2024-03-15
1447,24,2025-03-09
1448,177,2024-03-06
1449,278,2024-03-02
1450,479,2024-03-11
1451,479,2025-04-28
1452,17,2024-10-20
1453,210,2024-07-03
1454,394,2024-05-18
1455,393,2025-03-06
1456,192,2025-01-26
1457,230,2025-01-21
1458,193,2024-03-23
1459,350,2025-07-06
1460,69,2024-12-22
1461,61,2024-07-01
1462,276,2025-02-06
1463,271,2024-05-10
1464,373,2024-08-16
1465,428,2024-01-04
1466,388,2024-01-24
1467,153,2025-04-19
1468,345,2025-07-11
1469,218,2025-06-28
1470,195,2024-08-23
1471,127,2025-04-16
1472,178,2024-06-07
1473,142,2024-07-12
1474,480,2024-04-25
1475,17,2025-03-05
1476,315,2024-01-17
1477,124,2024-07-30
1478,35,2024-04-13
1479,305,2024-02-04
1480,229,2025-09-04
1481,345,2024-02-19
1482,126,2024-02-15
1483,206,2025-03-25
1484,120,2025-07-06
1485,112,2024-02-27
1486,72,2025-05-30
1487,149,2024-08-27
1488,418,2025-08-12
1489,164,2025-08-14
1490,307,2024-11-24
1491,122,2024-11-05
1492,449,2024-05-26
1493,339,2025-06-17
1494,114,2025-02-27
1495,154,2024-10-08
1496,32,2025-07-24
1497,486,2025-08-28
1498,451,2024-06-28
1499,321,2025-03-13
1500,285,2025-05-22
1501,25,2024-12-18
1502,483,2025-01-25
1503,403,2025-06-21
1504,164,2025-03-02
1505,210,2024-06-01
1506,154,2025-01-20
1507,95,2025-07-04
1508,243,2024-09-03
1509,435,2024-08-18
1510,154,2024-05-27
1511,413,2025-04-19
1512,469,2024-02-29
1513,288,2025-02-26
1514,496,2025-03-02
1515,286,2025-06-26
1516,69,2025-02-01
1517,125,2024-09-18
1518,105,2024-12-04
1519,332,2024-03-21
1520,473,2025-04-05
1521,434,2025-01-14
1522,48,2025-07-02
1523,371,2024-07-14
1524,27,2024-10-01
1525,194,2025-09-11
1526,309,2024-02-10
1527,448,2024-03-15
1528,97,2025-08-24
1529,371,2025-07-26
1530,112,2025-05-05
1531,107,2024-12-06
1532,156,2024-01-16
1533,109,2024-07-13
1534,493,2024-04-30
1535,383,2025-05-05
1536,469,2024-09-05
1537,357,2025-09-10
1538,361,2024-07-28
1539,204,2024-09-02
1540,283,2024-11-25
1541,398,2024-10-16
1542,195,2025-04-22
1543,274,2025-01-02
1544,158,2024-09-24
1545,185,2025-06-09
1546,452,2025-05-24
1547,239,2024-04-10
1548,412,2025-04-25
1549,390,2024-11-23
1550,469,2024-07-27
1551,190,2024-11-16
1552,212,2024-02-16
1553,289,2024-08-14
1554,380,2024-05-29
1555,9,2024-09-24
1556,284,2025-08-21
1557,297,2025-03-03
1558,152,2024-06-05
1559,101,2024-12-03
1560,118,2025-01-23
1561,292,2024-09-08
1562,256,2025-07-17
1563,336,2024-12-11
1564,132,2025-05-15
1565,495,2025-05-17
1566,236,2024-06-21
1567,376,2024-12-26
1568,87,2024-05-23
1569,369,2025-07-13
1570,251,2024-07-07
1571,470,2025-07-09
1572,329,2024-03-01
1573,269,2024-02-04
1574,430,2024-03-17
1575,484,2024-02-19
1576,392,2024-01-07
1577,212,2024-05-20
1578,432,2024-08-24
1579,35,2024-06-03
1580,5,2024-08-11
1581,259,2025-04-11
1582,192,2024-03-02
1583,317,2025-09-23
1584,468,2025-05-09
1585,338,2025-05-14
1586,9,2024-01-07
1587,273,2025-07-18
1588,211,2024-01-13
1589,9,2025-06-26
1590,370,2024-10-08
1591,275,2024-10-20
1592,9,2025-05-29
1593,417,2025-03-16
1594,413,2024-07-02
1595,55,2024-04-08
1596,269,2024-06-01
1597,124,2024-07-15
1598,318,2025-06-23
1599,130,2024-12-28
1600,137,2025-02-10
1601,41,2025-01-17
1602,492,2025-02-19
1603,236,2025-08-01
1604,125,2024-08-19
1605,154,2024-03-23
1606,335,2024-02-02
1607,48,2025-02-19
1608,195,2025-01-21
1609,283,2025-05-02
1610,29,2024-01-10
1611,360,2024-06-24
1612,43,2025-05-26
1613,433,2025-03-20
1614,331,2024-12-05
1615,290,2024-04-07
1616,459,2025-06-24
1617,471,2024-02-13
1618,118,2024-08-04
1619,462,2025-08-03
1620,244,2024-10-04
1621,24,2024-03-17
1622,351,2024-10-14
1623,461,2025-07-10
1624,289,2024-02-03
1625,92,2024-11-18
1626,9,2024-07-31
1627,301,2024-05-27
1628,386,2025-02-11
1629,476,2024-03-19
1630,154,2024-06-15
1631,289,2024-09-03
1632,291,2025-02-02
1633,347,2025-07-07
1634,170,2025-01-28
1635,387,2024-05-23
1636,405,2024-03-21
1637,257,2024-12-20
1638,28,2024-04-10
1639,224,2024-08-25
1640,430,2024-03-18
1641,175,2025-09-11
1642,394,2025-09-20
1643,489,2025-09-01
1644,204,2024-11-30
1645,16,2024-10-06
1646,402,2025-04-06
1647,252,2024-08-21
1648,183,2025-07-20
1649,482,2025-01-19
1650,222,2024-07-09
1651,349,2025-08-22
1652,339,2025-01-24
1653,44,2025-09-25
1654,152,2024-09-09
1655,366,2024-03-16
1656,43,2024-10-01
1657,79,2025-01-24
1658,365,2024-06-06
1659,379,2025-02-02
1660,163,2025-01-04
1661,55,2024-04-03
1662,3,2024-11-11
1663,228,2025-01-03
1664,390,2024-10-03
1665,53,2024-05-15
1666,45,2024-07-10
1667,221,2025-04-04
1668,286,2025-07-22
1669,263,2025-02-21
1670,53,2024-01-27
1671,46,2024-12-28
1672,284,2024-04-05
1673,306,2025-09-04
1674,402,2024-11-28
1675,443,2025-01-29
1676,7,2024-10-25
1677,212,2025-02-01
1678,399,2024-03-27
1679,372,2025-07-26
1680,464,2024-09-05
1681,293,2025-06-17
1682,87,2025-01-24
1683,87,2024-05-22
1684,138,2024-11-04
1685,138,2025-05-19
1686,75,2024-03-05
1687,86,2025-03-21
1688,142,2025-03-07
1689,154,2025-05-10
1690,401,2024-03-19
1691,185,2024-09-14
1692,484,2024-09-09
1693,370,2025-05-22
1694,305,2025-09-23
1695,101,2025-04-13
1696,55,2024-05-18
1697,156,2024-01-07
1698,486,2025-02-09
1699,171,2025-09-27
1700,195,2024-12-03
1701,226,2024-12-08
1702,221,2025-08-31
1703,70,2024-11-03
1704,165,2025-09-09
1705,486,2024-07-24
1706,246,2024-11-17
1707,91,2025-02-11
1708,496,2024-11-22
1709,150,2025-05-17
1710,496,2025-08-12
1711,401,2024-09-05
1712,167,2025-01-20
1713,144,2025-02-06
1714,187,2024-04-26
1715,478,2025-07-31
1716,103,2025-08-29
1717,280,2024-07-03
1718,350,2025-07-17
1719,14,2025-04-17
1720,483,2024-08-02
1721,225,2024-10-25
1722,426,2024-03-11
1723,420,2025-02-22
1724,345,2025-05-26
1725,72,2024-11-06
1726,124,2024-09-15
1727,338,2024-06-06
1728,367,2025-03-09
1729,405,2025-01-21
1730,38,2025-04-04
1731,307,2025-05-05
1732,299,2025-02-14
1733,274,2025-06-02
1734,473,2025-03-04
1735,279,2024-02-07
1736,405,2025-01-03
1737,360,2025-07-03
1738,305,2024-03-28
1739,56,2024-09-11
1740,337,2024-12-29
1741,86,2025-09-19
1742,23,2025-07-30
1743,331,2025-02-13
1744,496,2024-12-05
1745,495,2025-03-16
1746,55,2024-01-11
1747,51,2024-09-21
1748,114,2025-06-06
1749,383,2025-06-15
1750,286,2025-08-17
1751,353,2025-08-12
1752,114,2025-04-01
1753,192,2025-02-04
1754,238,2025-08-25
1755,354,2025-05-27
1756,78,2024-12-19
1757,13,2025-05-09
1758,54,2024-10-29
1759,213,2024-03-28
1760,60,2024-05-25
1761,179,2024-11-15
1762,176,2025-04-11
1763,402,2024-07-30
1764,267,2025-05-09
1765,179,2025-05-02
1766,50,2025-03-24
1767,370,2025-04-08
1768,164,2024-03-09
1769,154,2024-02-15
1770,415,2024-04-27
1771,12,2024-12-17
1772,332,2024-04-21
1773,347,2024-06-17
1774,477,2024-09-06
1775,265,2024-06-27
1776,283,2024-06-12
1777,170,2025-07-27
1778,219,2025-04-18
1779,119,2025-02-18
1780,323,2024-07-07
1781,96,2025-03-18
1782,203,2024-01-30
1783,378,2025-09-20
1784,453,2024-07-21
1785,231,2025-08-29
1786,220,2025-02-02
1787,3,2024-08-07
1788,106,2024-10-12
1789,386,2024-03-05
1790,296,2024-04-14
1791,410,2025-07-03
1792,96,2025-01-09
1793,167,2024-07-20
1794,235,2024-04-26
1795,135,2025-05-16
1796,271,2024-11-16
1797,306,2025-02-01
1798,313,2025-02-05
1799,301,2024-04-26
1800,179,2024-12-26
1801,433,2025-04-13
1802,317,2024-06-25
1803,417,2024-10-31
1804,471,2025-09-21
1805,303,2024-03-27
1806,345,2024-05-17
1807,161,2024-04-30
1808,123,2024-11-08
1809,60,2024-07-06
1810,192,2024-05-24
1811,262,2025-02-01
1812,215,2025-09-02
1813,71,2025-08-11
1814,197,2025-03-09
1815,96,2025-05-13
1816,326,2025-07-04
1817,356,2024-06-26
1818,285,2024-06-19
1819,251,2024-10-22
1820,72,2024-07-10
1821,162,2025-04-06
1822,318,2024-02-24
1823,444,2025-01-02
1824,488,2024-01-10
1825,249,2024-05-19
1826,100,2025-01-28
1827,494,2025-07-29
1828,259,2025-05-21
1829,210,2025-05-18
1830,213,2025-03-30
1831,251,2024-06-20
1832,43,2025-08-01
1833,16,2024-08-13
1834,150,2024-02-03
1835,141,2024-08-18
1836,276,2024-10-22
1837,87,2025-04-13
1838,290,2025-05-22
1839,282,2025-06-07
1840,58,2025-08-09
1841,59,2024-10-01
1842,397,2025-07-10
1843,422,2025-01-10
1844,278,2024-02-12
1845,390,2025-03-27
1846,280,2024-08-11
1847,218,2024-04-14
1848,377,2024-09-10
1849,153,2024-02-03
1850,231,2024-09-26
1851,179,2024-03-30
1852,225,2024-04-30
1853,398,2024-08-30
1854,108,2025-08-25
1855,353,2024-12-25
1856,441,2025-09-16
1857,324,2025-03-14
1858,85,2025-09-22
1859,72,2024-07-30
1860,417,2024-07-30
1861,413,2024-03-01
1862,292,2024-12-25
1863,273,2024-10-14
1864,306,2025-07-05
1865,87,2024-11-27
1866,361,2024-10-26
1867,149,2025-08-09
1868,137,2025-06-10
1869,461,2024-04-07
1870,70,2025-02-25
1871,471,2024-03-01
1872,142,2024-05-09
1873,360,2024-05-15
1874,128,2024-05-29
1875,365,2024-11-25
1876,425,2024-09-10
1877,390,2025-02-06
1878,251,2024-05-25
1879,296,2024-10-02
1880,322,2025-02-28
1881,193,2025-04-07
1882,39,2024-04-05
1883,207,2025-06-11
1884,384,2024-10-11
1885,356,2025-01-12
1886,233,2025-05-14
1887,168,2025-08-18
1888,2,2024-04-05
1889,375,2025-04-14
1890,326,2025-01-01
1891,436,2024-03-05
1892,408,2025-07-01
1893,204,2024-08-11
1894,496,2025-03-15
1895,423,2024-08-04
1896,254,2024-10-01
1897,166,2024-10-17
1898,173,2025-07-14
1899,296,2024-05-13
1900,290,2025-05-11
1901,404,2024-12-17
1902,458,2024-02-19
1903,24,2024-04-11
1904,321,2025-04-15
1905,9,2024-05-07
1906,476,2024-06-10
1907,226,2025-04-12
1908,1,2025-03-14
1909,104,2024-05-15
1910,452,2024-11-05
1911,82,2024-10-07
1912,48,2025-01-04
1913,129,2024-03-25
1914,191,2024-06-18
1915,27,2025-02-09
1916,321,2024-11-08
1917,372,2024-08-27
1918,220,2024-04-03
1919,361,2024-04-07
1920,1,2024-08-06
1921,245,2024-03-20
1922,68,2025-08-30
1923,116,2025-06-15
1924,349,2025-03-31
1925,5,2024-01-09
1926,357,2024-12-17
1927,419,2024-05-03
1928,441,2025-03-08
1929,356,2024-05-15
1930,245,2024-03-13
1931,118,2025-01-27
1932,46,2024-04-14
1933,53,2024-11-16
1934,189,2024-11-02
1935,71,2025-01-26
1936,397,2024-05-16
1937,329,2024-05-26
1938,36,2025-06-27
1939,289,2024-01-09
1940,313,2024-06-17
1941,226,2024-12-25
1942,370,2024-08-06
1943,322,2024-06-04
1944,471,2025-02-25
1945,316,2025-03-29
1946,441,2024-08-10
1947,45,2024-04-12
1948,72,2024-05-06
1949,302,2025-01-28
1950,180,2025-03-15
1951,162,2024-05-23
1952,127,2024-10-10
1953,331,2024-03-27
1954,128,2025-07-20
1955,308,2025-09-06
1956,370,2025-09-14
1957,146,2024-01-28
1958,435,2024-11-04
1959,106,2025-06-14
1960,311,2025-06-05
1961,97,2025-02-05
1962,152,2024-02-25
1963,402,2024-09-02
1964,254,2025-01-30
1965,58,2024-09-03
1966,256,2025-08-31
1967,37,2025-06-24
1968,456,2024-01-13
1969,185,2024-11-20
1970,68,2025-01-31
1971,441,2025-08-05
1972,216,2025-01-09
1973,280,2024-06-25
1974,391,2025-04-27
1975,489,2024-03-15
1976,9,2025-08-24
1977,35,2024-01-15
1978,135,2024-08-08
1979,21,2024-03-02
1980,486,2025-02-11
1981,260,2024-10-20
1982,322,2025-05-28
1983,393,2025-03-01
1984,217,2025-02-15
1985,43,2025-07-03
1986,276,2025-09-22
1987,79,2024-10-11
1988,43,2024-11-13
1989,41,2025-06-07
1990,472,2024-07-27
1991,499,2024-06-08
1992,275,2024-11-30
1993,201,2025-08-23
1994,325,2024-03-08
1995,159,2025-03-23
1996,374,2024-09-01
1997,30,2024-09-07
1998,45,2025-03-20
1999,60,2025-04-09
2000,314,2025-09-15
2001,29,2024-11-12
2002,342,2024-06-28
2003,62,2024-01-13
2004,363,2024-05-20
2005,360,2024-01-12
2006,84,2025-05-23
2007,488,2024-12-21
2008,268,2025-06-13
2009,401,2024-09-22
2010,86,2025-01-15
2011,65,2024-10-02
2012,376,2024-04-30
2013,395,2024-01-31
2014,172,2025-03-15
2015,140,2025-06-20
2016,33,2024-09-26
2017,365,2025-08-13
2018,322,2024-03-19
2019,255,2025-04-11
2020,262,2025-01-03
2021,29,2025-05-26
2022,440,2025-08-03
2023,86,2025-01-11
2024,81,2024-09-18
2025,396,2024-04-15
2026,458,2025-08-10
2027,346,2024-04-28
2028,117,2025-06-05
2029,2,2024-02-15
2030,440,2024-01-13
2031,126,2024-02-17
2032,242,2025-01-07
2033,197,2024-06-02
2034,92,2024-02-06
2035,284,2025-03-05
2036,115,2024-11-25
2037,128,2025-03-02
2038,469,2024-11-23
2039,139,2024-03-20
2040,293,2025-01-16
2041,62,2025-05-29
2042,345,2024-02-23
2043,92,2024-08-16
2044,412,2025-06-12
2045,24,2025-02-14
2046,36,2025-04-21
2047,444,2024-10-16
2048,397,2024-11-14
2049,168,2024-03-29
2050,284,2025-04-12
2051,5,2025-01-12
2052,103,2024-10-25
2053,289,2024-11-07
2054,379,2025-09-29
2055,125,2025-04-20
2056,189,2025-08-28
2057,498,2025-05-20
2058,396,2024-07-19
2059,376,2025-07-13
2060,390,2024-09-08
2061,78,2024-01-07
2062,478,2025-02-23
2063,13,2024-08-26
2064,278,2024-12-20
2065,326,2024-01-10
2066,487,2024-12-09
2067,1,2025-01-20
2068,435,2024-11-10
2069,54,2024-07-29
2070,272,2024-08-31
2071,215,2025-05-18
2072,493,2024-03-02
2073,498,2024-05-25
2074,365,2024-10-13
2075,48,2024-02-14
2076,472,2024-08-25
2077,460,2025-06-16
2078,212,2025-01-16
2079,235,2024-03-27
2080,298,2024-04-07
2081,259,2024-05-16
2082,327,2025-02-07
2083,39,2025-08-29
2084,291,2024-03-04
2085,223,2024-05-13
2086,122,2024-10-25
2087,134,2024-11-18
2088,475,2025-02-06
2089,359,2024-11-30
2090,163,2025-04-08
2091,140,2024-08-27
2092,39,2024-07-26
2093,70,2025-08-21
2094,56,2024-06-08
2095,55,2024-06-17
2096,231,2025-04-22
2097,161,2025-02-20
2098,62,2025-07-02
2099,184,2024-07-31
2100,232,2024-11-11
2101,238,2024-09-28
2102,437,2024-05-02
2103,47,2024-06-10
2104,414,2024-11-07
2105,424,2025-09-09
2106,21,2024-08-08
2107,428,2024-12-01
2108,76,2024-04-03
2109,365,2024-09-11
2110,496,2024-12-30
2111,203,2025-06-09
2112,26,2024-11-02
2113,134,2024-06-27
2114,16,2025-02-18
2115,438,2025-04-08
2116,285,2025-07-17
2117,128,2024-04-06
2118,237,2024-04-14
2119,412,2024-05-23
2120,63,2024-01-13
2121,32,2024-08-15
2122,67,2024-07-21
2123,422,2025-02-14
2124,191,2024-03-27
2125,299,2025-08-23
2126,133,2024-03-17
2127,12,2024-03-07
2128,102,2025-03-30
2129,415,2024-05-11
2130,48,2024-12-05
2131,63,2024-02-13
2132,483,2025-04-17
2133,26,2024-06-21
2134,474,2025-08-10
2135,222,2025-02-08
2136,255,2024-01-31
2137,196,2025-03-12
2138,89,2024-12-28
2139,110,2024-07-10
2140,141,2024-10-13
2141,229,2024-06-01
2142,18,2025-09-20
2143,318,2025-09-23
2144,126,2024-10-29
2145,256,2025-02-25
2146,452,2025-07-17
2147,246,2024-03-03
2148,45,2024-10-13
2149,197,2024-05-20
2150,215,2024-07-23
2151,330,2025-06-22
2152,128,2025-07-10
2153,407,2024-01-20
2154,196,2025-01-02
2155,246,2025-07-11
2156,401,2025-05-11
2157,177,2025-08-02
2158,258,2024-11-25
2159,199,2024-10-03
2160,93,2024-01-27
2161,164,2025-09-03
2162,113,2024-01-31
2163,459,2024-10-14
2164,30,2025-04-28
2165,272,2025-01-01
2166,393,2025-08-21
2167,120,2024-06-12
2168,52,2024-09-10
2169,337,2024-09-03
2170,137,2025-06-30
2171,418,2024-02-27
2172,392,2024-08-12
2173,295,2025-02-01
2174,182,2024-06-26
2175,91,2024-08-30
2176,304,2024-11-21
2177,413,2025-01-02
2178,468,2025-08-28
2179,15,2024-12-26
2180,486,2025-08-04
2181,289,2024-05-25
2182,289,2024-07-11
2183,429,2025-05-19
2184,278,2024-11-12
2185,90,2025-05-17
2186,20,2024-04-02
2187,29,2024-08-26
2188,309,2024-08-12
2189,11,2025-06-23
2190,245,2024-01-01
2191,170,2025-09-20
2192,104,2024-05-13
2193,175,2024-06-30
2194,471,2024-11-27
2195,31,2024-01-23
2196,76,2025-08-23
2197,361,2024-05-25
2198,397,2024-04-23
2199,434,2025-06-22
2200,441,2025-01-08
2201,492,2024-03-15
2202,192,2025-02-09
2203,301,2024-04-13
2204,173,2024-11-05
2205,166,2024-05-19
2206,500,2024-06-10
2207,375,2025-03-23
2208,406,2025-05-13
2209,333,2024-11-20
2210,90,2025-07-29
2211,356,2025-09-20
2212,403,2024-12-31
2213,115,2025-08-26
2214,418,2024-06-28
2215,194,2024-11-10
2216,376,2024-10-28
2217,66,2024-06-30
2218,374,2024-01-02
2219,486,2025-08-09
2220,201,2025-08-04
2221,17,2024-07-05
2222,309,2024-11-21
2223,472,2025-09-18
2224,114,2025-08-02
2225,54,2025-05-23
2226,73,2024-12-05
2227,382,2024-03-20
2228,122,2024-12-21
2229,164,2024-06-20
2230,326,2024-03-31
2231,421,2024-12-09
2232,229,2024-01-12
2233,136,2024-08-02
2234,128,2024-03-10
2235,180,2024-09-19
2236,403,2024-04-20
2237,369,2024-01-02
2238,25,2025-01-30
2239,225,2025-03-05
2240,497,2024-06-19
2241,453,2025-02-27
2242,253,2025-01-22
2243,180,2025-07-13
2244,193,2024-04-13
2245,425,2025-05-05
2246,404,2025-08-14
2247,334,2024-08-18
2248,84,2025-04-07
2249,38,2024-02-04
2250,151,2024-01-21
2251,164,2024-09-24
2252,488,2024-04-17
2253,38,2024-12-16
2254,88,2025-01-19
2255,83,2024-03-17
2256,281,2024-04-05
2257,174,2025-08-31
2258,315,2025-05-09
2259,361,2024-02-01
2260,221,2024-06-17
2261,311,2025-03-20
2262,81,2024-02-24
2263,52,2024-12-05
2264,106,2024-07-13
2265,210,2025-07-21
2266,370,2025-07-07
2267,136,2024-10-15
2268,153,2024-08-31
2269,50,2024-02-20
2270,202,2025-08-08
2271,282,2025-05-17
2272,79,2024-02-25
2273,185,2024-01-04
2274,219,2024-03-30
2275,151,2025-09-06
2276,246,2024-07-23
2277,50,2024-01-27
2278,106,2024-06-23
2279,327,2024-10-25
2280,42,2025-04-29
2281,433,2024-04-28
2282,158,2025-02-11
2283,242,2025-05-15
2284,459,2024-09-28
2285,47,2025-07-11
2286,199,2024-07-08
2287,190,2025-01-25
2288,190,2024-07-10
2289,229,2024-02-15
2290,135,2025-03-26
2291,239,2024-09-26
2292,116,2024-10-02
2293,289,2024-03-04
2294,78,2024-04-09
2295,44,2024-12-18
2296,414,2025-07-08
2297,212,2025-08-26
2298,117,2025-07-20
2299,32,2025-01-31
2300,420,2025-06-19
2301,215,2025-07-02
2302,352,2025-05-01
2303,294,2024-08-29
2304,244,2024-11-02
2305,41,2025-02-08
2306,463,2024-02-05
2307,258,2025-08-07
2308,462,2025-06-13
2309,410,2025-08-08
2310,347,2025-09-27
2311,76,2024-05-03
2312,487,2025-04-04
2313,89,2024-06-20
2314,498,2024-08-04
2315,414,2024-07-16
2316,65,2024-02-13
2317,217,2024-03-21
2318,350,2025-03-21
2319,104,2024-05-31
2320,428,2025-09-01
2321,133,2024-11-23
2322,467,2024-03-09
2323,45,2025-02-01
2324,285,2025-02-10
2325,283,2024-11-29
2326,439,2024-10-09
2327,267,2025-04-14
2328,470,2024-01-13
2329,403,2025-09-30
2330,301,2025-06-19
2331,401,2025-03-05
2332,58,2025-02-28
2333,77,2024-05-31
2334,291,2025-08-25
2335,299,2024-04-12
2336,474,2024-04-18
2337,289,2024-04-13
2338,403,2024-10-19
2339,445,2025-07-02
2340,451,2024-12-18
2341,450,2025-02-24
2342,136,2025-01-27
2343,336,2025-05-12
2344,293,2025-09-15
2345,243,2024-02-08
2346,89,2024-10-09
2347,207,2024-05-27
2348,317,2025-09-15
2349,349,2025-02-15
2350,20,2025-02-09
2351,456,2024-12-05
2352,354,2024-08-31
2353,26,2025-05-01
2354,472,2024-10-02
2355,460,2025-01-16
2356,11,2024-12-11
2357,419,2024-11-06
2358,160,2024-10-14
2359,432,2025-05-18
2360,440,2024-04-10
2361,498,2024-08-21
2362,69,2024-11-03
2363,499,2025-03-29
2364,397,2024-11-24
2365,138,2025-03-02
2366,310,2024-04-01
2367,97,2025-03-28
2368,109,2025-02-20
2369,380,2025-05-11
2370,389,2025-06-12
2371,445,2025-01-17
2372,421,2024-02-27
2373,264,2024-06-11
2374,34,2024-11-14
2375,364,2025-06-02
2376,207,2024-05-18
2377,400,2025-06-20
2378,451,2025-08-05
2379,15,2024-06-26
2380,99,2024-07-24
2381,429,2024-02-29
2382,128,2024-02-03
2383,234,2024-02-21
2384,471,2025-01-04
2385,361,2024-07-22
2386,141,2025-01-12
2387,422,2025-04-20
2388,259,2025-02-10
2389,326,2024-05-06
2390,349,2024-02-01
2391,124,2025-01-16
2392,251,2025-08-31
2393,229,2024-06-30
2394,492,2025-04-30
2395,301,2025-07-18
2396,180,2024-12-18
2397,84,2024-09-21
2398,384,2024-04-02
2399,146,2024-01-29
2400,198,2024-02-20
2401,84,2025-08-08
2402,400,2024-08-07
2403,439,2024-08-14
2404,332,2024-08-18
2405,347,2024-07-30
2406,138,2025-02-23
2407,263,2024-01-21
2408,443,2024-01-10
2409,243,2024-05-15
2410,332,2024-06-26
2411,308,2024-01-09
2412,115,2024-09-15
2413,312,2024-11-08
2414,365,2024-10-08
2415,217,2025-01-20
2416,437,2024-12-23
2417,236,2024-09-15
2418,112,2025-04-22
2419,155,2025-06-17
2420,423,2025-09-30
2421,204,2025-08-21
2422,53,2024-01-08
2423,262,2025-01-18
2424,288,2025-08-31
2425,312,2024-10-16
2426,153,2024-04-20
2427,247,2024-03-06
2428,173,2024-10-10
2429,328,2024-11-28
2430,442,2024-10-10
2431,134,2024-11-01
2432,97,2024-06-02
2433,265,2024-09-03
2434,461,2024-02-28
2435,413,2025-09-06
2436,207,2024-11-23
2437,349,2024-05-23
2438,370,2024-01-27
2439,336,2025-05-24
2440,152,2024-09-22
2441,465,2025-03-04
2442,208,2025-02-01
2443,378,2024-02-06
2444,299,2025-08-08
2445,418,2024-07-13
2446,176,2024-08-15
2447,352,2025-07-01
2448,327,2025-05-02
2449,465,2025-01-02
2450,260,2024-11-03
2451,433,2024-06-23
2452,431,2025-07-25
2453,93,2024-10-27
2454,50,2025-04-27
2455,66,2024-09-21
2456,372,2025-07-26
2457,391,2024-07-06
2458,485,2024-12-09
2459,336,2024-04-01
2460,114,2024-12-29
2461,115,2024-11-10
2462,216,2024-12-05
2463,191,2024-09-23
2464,300,2024-10-28
2465,238,2024-04-30
2466,241,2024-02-24
2467,444,2025-08-20
2468,298,2025-09-27
2469,37,2025-04-28
2470,456,2024-07-18
2471,257,2024-05-02
2472,445,2025-01-25
2473,272,2024-11-01
2474,212,2024-02-25
2475,446,2024-06-03
2476,71,2024-07-24
2477,176,2025-02-23
2478,292,2025-04-13
2479,74,2024-11-19
2480,442,2024-07-03
2481,399,2024-03-23
2482,250,2024-12-06
2483,324,2024-06-30
2484,161,2024-02-29
2485,3,2025-04-07
2486,141,2024-08-02
2487,390,2024-06-21
2488,296,2024-06-11
2489,251,2024-03-31
2490,67,2025-09-21
2491,223,2025-03-15
2492,207,2025-03-15
2493,495,2025-05-03
2494,197,2024-01-05
2495,20,2025-06-30
2496,103,2025-01-17
2497,487,2024-01-15
2498,457,2024-11-25
2499,388,2025-06-27
2500,98,2024-01-19
2501,347,2024-01-05
2502,321,2024-09-11
2503,116,2024-12-18
2504,160,2024-05-12
2505,53,2025-01-27
2506,258,2025-08-25
2507,157,2024-06-20
2508,34,2024-02-16
2509,153,2024-10-24
2510,234,2025-06-16
2511,306,2025-06-20
2512,173,2025-03-20
2513,455,2024-05-17
2514,176,2025-05-16
2515,184,2024-07-11
2516,85,2025-02-17
2517,10,2024-08-21
2518,115,2024-05-14
2519,109,2024-01-23
2520,302,2025-05-31
2521,87,2024-05-06
2522,188,2024-02-08
2523,193,2024-09-18
2524,395,2025-07-01
2525,320,2024-02-19
2526,305,2024-02-19
2527,339,2024-04-20
2528,335,2024-01-21
2529,25,2024-04-28
2530,214,2025-03-30
2531,195,2024-05-06
2532,281,2024-09-15
2533,243,2024-06-05
2534,106,2024-01-10
2535,155,2025-03-06
2536,339,2024-04-13
2537,340,2025-06-16
2538,139,2025-09-29
2539,311,2024-05-20
2540,215,2024-04-17
2541,262,2025-09-24
2542,61,2024-10-16
2543,59,2024-04-18
2544,255,2024-07-22
2545,312,2024-07-23
2546,399,2024-09-26
2547,426,2025-06-19
2548,499,2024-07-25
2549,184,2025-02-23
2550,152,2024-06-13
2551,21,2025-07-15
2552,255,2024-07-31
2553,353,2025-05-07
2554,170,2024-08-28
2555,2,2024-01-14
2556,344,2024-04-01
2557,465,2024-04-23
2558,428,2025-08-10
2559,343,2025-05-20
2560,77,2024-04-02
2561,400,2025-06-07
2562,39,2024-04-13
2563,464,2024-09-19
2564,330,2024-08-24
2565,234,2024-10-30
2566,136,2025-04-20
2567,26,2024-04-12
2568,417,2024-06-27
2569,448,2024-02-10
2570,437,2024-10-24
2571,185,2024-11-16
2572,219,2024-04-28
2573,49,2024-02-16
2574,5,2024-05-21
2575,340,2024-06-23
2576,169,2025-01-01
2577,458,2025-03-24
2578,490,2025-09-28
2579,138,2024-04-05
2580,191,2024-12-16
2581,94,2024-04-26
2582,206,2025-02-13
2583,493,2025-04-12
2584,140,2025-01-29
2585,354,2025-05-04
2586,410,2025-03-07
2587,333,2024-06-19
2588,58,2024-05-15
2589,357,2024-03-01
2590,483,2024-06-12
2591,54,2025-03-02
2592,467,2025-08-27
2593,248,2025-08-05
2594,348,2025-03-24
2595,93,2025-09-17
2596,195,2025-01-02
2597,314,2024-01-30
2598,442,2024-05-13
2599,248,2025-05-14
2600,58,2025-02-25
2601,226,2024-02-17
2602,33,2024-09-24
2603,336,2024-11-17
2604,7,2025-06-21
2605,393,2025-08-13
2606,371,2025-08-01
2607,115,2024-12-12
2608,266,2025-06-19
2609,353,2025-09-25
2610,49,2025-03-19
2611,339,2024-09-11
2612,247,2024-12-20
2613,340,2025-01-29
2614,77,2025-07-25
2615,457,2025-09-19
2616,28,2024-01-12
2617,330,2024-06-09
2618,259,2025-04-25
2619,437,2025-05-22
2620,446,2024-06-18
2621,39,2025-05-18
2622,165,2024-09-03
2623,170,2024-10-11
2624,26,2025-06-03
2625,115,2025-07-17
2626,330,2025-01-22
2627,207,2024-08-28
2628,41,2025-04-15
2629,228,2025-08-09
2630,230,2024-03-31
2631,439,2025-05-25
2632,229,2024-11-19
2633,61,2025-05-24
2634,382,2024-01-19
2635,53,2025-02-17
2636,212,2024-02-06
2637,286,2025-07-16
2638,1,2024-04-03
2639,406,2025-09-10
2640,494,2025-09-25
2641,327,2024-11-07
2642,456,2025-06-04
2643,288,2024-07-30
2644,336,2025-04-12
2645,487,2024-12-15
2646,187,2024-02-25
2647,419,2024-08-16
2648,433,2025-04-10
2649,170,2025-07-27
2650,393,2025-09-26
2651,308,2025-04-29
2652,367,2025-01-07
2653,367,2025-04-08
2654,59,2024-04-09
2655,389,2024-08-15
2656,2,2024-12-15
2657,182,2024-10-25
2658,281,2025-06-18
2659,192,2024-04-18
2660,24,2024-06-17
2661,253,2024-05-23
2662,421,2025-02-23
2663,55,2024-09-17
2664,313,2024-07-19
2665,97,2024-05-03
2666,477,2025-02-06
2667,111,2025-04-13
2668,423,2024-07-14
2669,367,2024-12-12
2670,56,2025-02-28
2671,24,2025-08-25
2672,64,2025-04-06
2673,235,2025-08-26
2674,490,2025-05-31
2675,69,2025-05-25
2676,3,2025-06-27
2677,377,2024-02-19
2678,284,2025-03-19
2679,430,2025-08-22
2680,248,2025-06-04
2681,400,2024-06-30
2682,355,2025-08-15
2683,89,2024-05-11
2684,54,2025-01-31
2685,337,2025-09-06
2686,311,2024-11-25
2687,259,2025-01-28
2688,215,2025-09-15
2689,469,2024-09-11
2690,141,2025-02-11
2691,494,2024-12-17
2692,497,2024-10-28
2693,232,2024-05-16
2694,71,2025-02-26
2695,309,2025-06-08
2696,154,2025-07-14
2697,441,2024-11-17
2698,365,2025-07-20
2699,324,2024-08-10
2700,103,2024-08-02
2701,320,2024-10-24
2702,352,2024-12-19
2703,472,2024-05-15
2704,364,2024-07-01
2705,258,2025-07-09
2706,356,2024-11-26
2707,364,2024-04-28
2708,390,2024-12-26
2709,288,2025-05-06
2710,299,2025-08-07
2711,483,2025-03-03
2712,346,2025-06-30
2713,147,2025-03-08
2714,414,2024-01-14
2715,268,2024-04-19
2716,13,2025-01-25
2717,75,2024-02-24
2718,344,2024-02-27
2719,103,2024-09-30
2720,385,2024-06-13
2721,147,2024-09-13
2722,75,2024-03-04
2723,354,2024-10-29
2724,105,2025-07-08
2725,17,2025-01-02
2726,417,2025-04-08
2727,53,2025-09-22
2728,445,2025-07-29
2729,443,2024-08-17
2730,381,2025-07-28
2731,200,2024-08-31
2732,262,2024-10-21
2733,355,2024-02-18
2734,475,2025-01-25
2735,199,2025-03-02
2736,490,2024-11-16
2737,495,2025-07-19
2738,28,2024-01-14
2739,381,2024-09-14
2740,104,2025-09-27
2741,445,2025-03-29
2742,425,2024-08-18
2743,467,2025-01-11
2744,387,2025-08-25
2745,280,2025-09-09
2746,101,2024-07-17
2747,151,2025-04-04
2748,91,2024-03-17
2749,96,2024-06-26
2750,377,2025-06-10
2751,62,2025-01-21
2752,21,2025-03-14
2753,143,2025-07-23
2754,136,2024-05-13
2755,83,2025-08-21
2756,434,2024-09-18
2757,3,2024-12-04
2758,239,2024-06-07
2759,21,2024-06-06
2760,476,2024-11-26
2761,306,2024-02-22
2762,397,2025-09-22
2763,432,2024-11-04
2764,252,2025-08-09
2765,282,2025-01-01
2766,38,2024-11-21
2767,270,2024-08-13
2768,490,2024-07-07
2769,267,2024-03-10
2770,403,2025-06-01
2771,82,2025-03-01
2772,279,2025-07-03
2773,207,2024-04-04
2774,179,2024-08-14
2775,453,2024-08-06
2776,340,2024-12-05
2777,170,2025-01-04
2778,151,2024-08-11
2779,487,2025-09-25
2780,272,2025-05-01
2781,288,2024-01-10
2782,59,2024-12-20
2783,229,2024-09-03
2784,464,2025-09-20
2785,471,2025-09-28
2786,125,2024-02-10
2787,350,2024-11-24
2788,196,2024-04-26
2789,198,2024-09-19
2790,277,2024-10-16
2791,13,2025-06-13
2792,421,2025-01-18
2793,264,2025-06-04
2794,229,2025-05-13
2795,23,2024-10-30
2796,460,2024-07-16
2797,165,2025-06-10
2798,43,2024-04-08
2799,86,2025-07-04
2800,274,2024-01-08
2801,321,2024-03-08
2802,108,2024-08-06
2803,443,2025-03-10
2804,428,2024-04-16
2805,106,2025-07-04
2806,425,2025-03-21
2807,332,2024-03-14
2808,383,2024-06-06
2809,13,2025-04-15
2810,368,2024-12-05
2811,20,2024-03-30
2812,38,2024-02-25
2813,92,2024-09-14
2814,286,2024-03-13
2815,295,2024-08-21
2816,467,2024-09-21
2817,209,2025-02-01
2818,231,2025-02-18
2819,222,2024-11-19
2820,9,2025-02-02
2821,345,2024-05-01
2822,274,2024-01-07
2823,329,2025-09-25
2824,33,2025-08-22
2825,24,2024-03-15
2826,184,2025-05-29
2827,55,2024-10-23
2828,403,2024-11-04
2829,311,2024-03-29
2830,145,2025-03-24
2831,196,2025-02-08
2832,421,2024-02-01
2833,243,2024-06-09
2834,274,2024-08-13
2835,70,2025-02-04
2836,408,2025-07-12
2837,152,2024-05-27
2838,153,2025-01-17
2839,491,2024-01-12
2840,284,2025-07-22
2841,73,2024-05-06
2842,22,2024-01-06
2843,294,2025-09-02
2844,202,2025-07-04
2845,281,2024-03-28
2846,157,2024-08-03
2847,384,2024-12-18
2848,109,2025-02-26
2849,464,2025-06-08
2850,73,2024-06-13
2851,95,2024-08-14
2852,316,2024-09-15
2853,100,2024-04-27
2854,93,2025-08-03
2855,437,2024-02-25
2856,436,2025-07-16
2857,237,2025-07-16
2858,38,2024-10-24
2859,344,2024-03-09
2860,129,2024-04-10
2861,102,2025-08-17
2862,250,2024-12-04
2863,183,2024-05-11
2864,344,2024-08-28
2865,52,2024-10-18
2866,318,2024-03-12
2867,461,2024-07-17
2868,163,2025-05-12
2869,231,2024-12-02
2870,316,2024-11-09
2871,356,2025-08-21
2872,79,2025-08-02
2873,291,2025-01-08
2874,414,2024-11-19
2875,491,2025-03-14
2876,87,2024-01-05
2877,161,2024-09-09
2878,403,2024-08-14
2879,365,2025-03-22
2880,142,2025-01-03
2881,69,2024-12-05
2882,450,2025-05-06
2883,237,2025-04-01
2884,184,2024-11-08
2885,250,2025-07-18
2886,56,2024-06-28
2887,331,2025-09-13
2888,42,2024-10-14
2889,440,2024-05-23
2890,457,2025-07-05
2891,101,2024-09-26
2892,376,2024-03-19
2893,373,2024-03-18
2894,457,2024-01-20
2895,435,2025-06-03
2896,324,2024-02-01
2897,417,2025-08-18
2898,297,2025-02-18
2899,394,2025-08-27
2900,109,2024-02-07
2901,283,2024-09-23
2902,279,2025-07-06
2903,242,2024-06-01
2904,188,2025-02-05
2905,115,2025-08-26
2906,376,2024-10-24
2907,69,2025-04-20
2908,257,2025-06-06
2909,47,2025-02-10
2910,187,2025-05-29
2911,6,2024-09-01
2912,435,2025-09-20
2913,351,2024-06-18
2914,388,2025-06-10
2915,72,2025-04-01
2916,82,2024-07-02
2917,290,2025-08-02
2918,338,2024-05-29
2919,377,2025-05-10
2920,481,2025-01-02
2921,21,2024-08-12
2922,390,2025-05-14
2923,119,2024-03-05
2924,136,2025-01-13
2925,120,2024-02-13
2926,343,2024-07-30
2927,266,2025-01-04
2928,199,2025-04-25
2929,470,2025-04-10
2930,452,2024-02-17
2931,21,2024-11-27
2932,53,2025-06-17
2933,325,2024-10-07
2934,428,2024-09-26
2935,297,2025-07-11
2936,292,2024-06-27
2937,193,2025-01-22
2938,188,2025-08-24
2939,335,2024-03-20
2940,265,2024-09-14
2941,193,2024-08-16
2942,265,2025-02-19
2943,181,2024-12-19
2944,250,2025-05-08
2945,455,2025-09-10
2946,4,2025-05-28
2947,452,2024-05-22
2948,226,2024-06-18
2949,118,2024-03-19
2950,264,2024-10-14
2951,109,2024-06-02
2952,96,2024-06-10
2953,186,2025-09-08
2954,368,2024-05-01
2955,339,2024-08-23
2956,213,2024-12-04
2957,369,2024-04-26
2958,247,2025-05-05
2959,246,2024-08-03
2960,303,2024-06-14
2961,332,2025-02-24
2962,12,2024-09-06
2963,23,2024-05-10
2964,294,2025-08-29
2965,83,2024-05-17
2966,323,2025-06-08
2967,21,2025-08-09
2968,76,2024-02-27
2969,86,2024-09-21
2970,473,2024-07-03
2971,265,2025-02-19
2972,307,2025-07-31
2973,327,2024-01-20
2974,450,2024-10-17
2975,485,2024-03-28
2976,111,2025-04-04
2977,311,2025-04-27
2978,445,2025-05-08
2979,88,2024-08-12
2980,426,2025-02-24
2981,308,2024-05-26
2982,407,2025-08-19
2983,421,2024-07-05
2984,320,2025-06-07
2985,136,2024-06-20
2986,371,2024-12-16
2987,473,2025-04-09
2988,306,2025-08-27
2989,36,2024-08-23
2990,194,2025-01-29
2991,68,2024-04-21
2992,9,2024-07-26
2993,268,2025-05-31
2994,351,2025-03-05
2995,424,2024-06-02
2996,311,2024-04-08
2997,91,2025-05-02
2998,462,2025-09-21
2999,308,2024-02-09
3000,450,2025-06-28
3001,258,2024-04-30
3002,48,2025-05-08
3003,338,2024-05-13
3004,462,2025-09-09
3005,277,2024-01-02
3006,460,2025-03-17
3007,268,2025-03-06
3008,190,2024-02-14
3009,358,2025-06-26
3010,220,2024-08-22
3011,481,2025-05-08
3012,405,2025-01-25
3013,180,2025-08-26
3014,412,2025-08-12
3015,51,2025-03-11
3016,69,2024-09-17
3017,245,2024-08-26
3018,466,2024-03-26
3019,146,2025-09-04
3020,449,2025-07-10
3021,210,2024-09-20
3022,97,2024-01-06
3023,364,2024-01-08
3024,296,2025-06-19
3025,61,2025-06-16
3026,4,2025-01-19
3027,336,2024-07-29
3028,353,2024-11-19
3029,210,2025-01-05
3030,55,2024-06-07
3031,219,2025-08-22
3032,130,2024-09-24
3033,438,2025-07-02
3034,217,2025-08-01
3035,188,2025-09-18
3036,142,2025-02-10
3037,387,2024-07-27
3038,212,2025-07-19
3039,402,2025-07-24
3040,248,2024-07-02
3041,190,2025-07-26
3042,285,2025-05-10
3043,130,2024-11-10
3044,296,2024-12-18
3045,397,2025-02-11
3046,377,2024-05-21
3047,438,2024-05-01
3048,383,2024-08-23
3049,229,2024-06-14
3050,52,2024-08-07
3051,261,2025-02-14
3052,403,2024-12-12
3053,411,2025-07-17
3054,315,2024-02-23
3055,83,2025-02-02
3056,494,2024-01-06
3057,412,2024-04-03
3058,422,2024-05-28
3059,242,2025-09-06
3060,223,2024-03-31
3061,33,2024-09-26
3062,114,2025-01-14
3063,41,2025-09-15
3064,20,2025-01-28
3065,477,2025-02-14
3066,315,2025-06-17
3067,147,2025-09-03
3068,30,2024-06-28
3069,328,2025-05-21
3070,225,2024-01-11
3071,104,2025-06-14
3072,147,2024-07-18
3073,18,2025-09-05
3074,262,2025-06-12
3075,358,2024-08-25
3076,315,2024-06-22
3077,346,2024-02-06
3078,185,2024-09-01
3079,336,2024-01-01
3080,500,2024-06-10
3081,45,2024-10-09
3082,400,2025-02-13
3083,181,2025-02-08
3084,208,2025-08-23
3085,103,2025-06-14
3086,8,2024-03-11
3087,471,2024-04-02
3088,282,2024-10-18
3089,372,2025-07-26
3090,469,2025-08-19
3091,179,2024-12-21
3092,494,2024-10-10
3093,116,2025-09-12
3094,494,2024-07-18
3095,233,2025-02-17
3096,295,2024-01-05
3097,134,2024-06-28
3098,209,2025-06-02
3099,55,2025-07-26
3100,38,2025-05-30
3101,151,2024-12-14
3102,485,2024-04-29
3103,412,2025-06-09
3104,490,2024-09-20
3105,449,2025-07-04
3106,417,2025-08-11
3107,129,2025-03-29
3108,495,2025-01-21
3109,289,2025-05-10
3110,395,2024-09-06
3111,388,2024-12-13
3112,493,2025-04-14
3113,349,2025-04-16
3114,460,2025-08-23
3115,442,2024-01-29
3116,247,2024-04-29
3117,133,2024-03-10
3118,196,2024-08-13
3119,347,2024-08-23
3120,410,2024-11-19
3121,212,2024-12-27
3122,265,2025-07-02
3123,5,2024-09-26
3124,128,2024-10-21
3125,48,2025-02-12
3126,345,2024-12-16
3127,39,2025-07-21
3128,477,2024-07-01
3129,244,2024-11-17
3130,182,2024-08-11
3131,458,2025-08-10
3132,138,2024-07-06
3133,485,2024-07-13
3134,256,2024-07-23
3135,121,2024-09-04
3136,447,2024-09-28
3137,106,2024-08-22
3138,104,2024-09-12
3139,429,2025-09-25
3140,183,2024-06-08
3141,399,2024-04-19
3142,62,2024-03-21
3143,347,2025-05-19
3144,315,2024-01-07
3145,392,2025-07-08
3146,491,2024-02-13
3147,435,2025-05-08
3148,191,2025-09-27
3149,162,2025-05-19
3150,460,2025-08-11
3151,445,2024-10-08
3152,252,2024-07-06
3153,392,2025-06-07
3154,144,2025-02-11
3155,114,2025-08-13
3156,66,2024-02-25
3157,270,2025-03-09
3158,245,2025-07-07
3159,17,2025-05-29
3160,178,2025-02-07
3161,441,2024-06-27
3162,235,2024-05-03
3163,358,2025-06-14
3164,236,2024-11-19
3165,353,2024-01-09
3166,7,2024-08-03
3167,195,2025-08-17
3168,52,2024-11-29
3169,186,2025-09-19
3170,442,2024-09-22
3171,96,2025-07-15
3172,135,2024-08-30
3173,138,2025-04-27
3174,491,2025-09-19
3175,176,2025-01-09
3176,95,2025-05-25
3177,218,2024-08-03
3178,215,2025-01-16
3179,187,2025-02-14
3180,144,2025-04-06
3181,93,2025-08-08
3182,68,2025-08-12
3183,352,2024-08-22
3184,417,2024-04-12
3185,370,2024-10-03
3186,412,2024-08-29
3187,285,2025-03-18
3188,439,2025-01-25
3189,101,2024-05-29
3190,410,2024-06-02
3191,243,2024-01-10
3192,91,2025-03-07
3193,256,2024-05-17
3194,458,2025-06-13
3195,274,2024-11-19
3196,403,2025-05-13
3197,154,2024-09-13
3198,288,2025-08-04
3199,25,2025-02-11
3200,51,2024-06-16
3201,31,2024-08-08
3202,417,2024-09-17
3203,244,2024-04-08
3204,231,2024-12-08
3205,134,2025-01-04
3206,185,2025-07-27
3207,286,2024-09-20
3208,177,2024-01-21
3209,211,2024-05-04
3210,180,2025-09-12
3211,102,2025-08-13
3212,295,2025-07-05
3213,90,2024-10-18
3214,182,2024-11-28
3215,345,2025-06-06
3216,250,2025-04-02
3217,456,2024-03-21
3218,196,2025-09-20
3219,147,2025-04-19
3220,324,2024-05-28
3221,445,2024-06-20
3222,328,2024-12-11
3223,216,2025-09-19
3224,293,2025-02-18
3225,435,2024-03-14
3226,41,2024-06-14
3227,176,2024-08-21
3228,161,2024-11-20
3229,335,2024-10-25
3230,364,2024-09-30
3231,310,2025-02-08
3232,139,2025-03-31
3233,400,2025-01-06
3234,383,2025-08-24
3235,267,2025-04-06
3236,212,2024-06-20
3237,95,2024-01-24
3238,65,2024-08-28
3239,339,2024-09-14
3240,482,2024-03-22
3241,108,2024-06-19
3242,204,2024-04-15
3243,49,2024-03-06
3244,480,2025-04-29
3245,281,2024-02-25
3246,14,2025-02-10
3247,269,2024-03-26
3248,54,2024-09-25
3249,317,2024-06-08
3250,44,2025-02-03
3251,159,2024-08-22
3252,127,2024-10-17
3253,227,2024-05-09
3254,68,2025-06-23
3255,430,2024-06-23
3256,15,2024-02-05
3257,340,2024-12-31
3258,441,2024-11-29
3259,443,2025-05-02
3260,240,2025-07-07
3261,479,2024-10-05
3262,281,2025-03-31
3263,70,2025-07-06
3264,91,2025-08-28
3265,306,2025-04-12
3266,324,2025-07-31
3267,223,2025-06-20
3268,328,2025-06-30
3269,159,2024-12-21
3270,247,2025-07-06
3271,117,2024-04-01
3272,227,2024-11-11
3273,188,2025-02-26
3274,134,2024-06-08
3275,156,2024-01-11
3276,1,2025-06-19
3277,418,2024-05-19
3278,177,2024-10-20
3279,241,2025-07-01
3280,5,2025-05-18
3281,485,2025-05-03
3282,154,2024-01-10
3283,393,2025-03-16
3284,409,2024-10-26
3285,306,2024-08-24
3286,408,2024-01-08
3287,281,2025-01-17
3288,97,2025-02-25
3289,452,2025-07-28
3290,224,2025-02-08
3291,128,2024-06-16
3292,367,2025-02-03
3293,425,2025-01-22
3294,113,2024-09-26
3295,41,2025-03-08
3296,321,2024-09-02
3297,265,2025-09-19
3298,414,2024-10-05
3299,146,2025-06-28
3300,415,2024-10-02
3301,212,2024-07-11
3302,437,2024-03-11
3303,94,2024-05-19
3304,149,2024-04-23
3305,327,2025-04-11
3306,317,2025-04-08
3307,140,2025-09-29
3308,252,2024-07-11
3309,165,2024-01-20
3310,78,2024-02-20
3311,497,2025-07-01
3312,12,2024-07-09
3313,498,2024-04-14
3314,145,2024-10-02
3315,65,2025-03-24
3316,373,2024-01-09
3317,120,2024-04-02
3318,78,2024-01-16
3319,253,2024-08-10
3320,176,2025-03-06
3321,160,2025-05-25
3322,191,2025-04-19
3323,357,2024-02-02
3324,170,2024-03-23
3325,432,2024-05-29
3326,29,2024-09-29
3327,398,2025-02-05
3328,37,2025-07-10
3329,241,2024-07-04
3330,99,2024-09-13
3331,419,2025-01-25
3332,425,2024-01-13
3333,63,2024-09-11
3334,198,2025-03-29
3335,127,2024-02-04
3336,102,2025-04-16
3337,377,2024-04-06
3338,267,2024-08-01
3339,243,2025-02-02
3340,349,2024-11-15
3341,480,2024-11-26
3342,82,2024-02-13
3343,382,2025-07-16
3344,267,2024-05-05
3345,130,2025-05-07
3346,327,2024-11-01
3347,102,2025-01-04
3348,455,2024-02-23
3349,443,2024-08-11
3350,499,2024-04-25
3351,121,2025-03-20
3352,167,2024-01-16
3353,86,2024-10-09
3354,300,2024-05-02
3355,203,2024-09-05
3356,5,2024-02-13
3357,298,2025-05-01
3358,353,2025-09-02
3359,80,2025-01-15
3360,395,2024-04-01
3361,128,2024-06-10
3362,256,2024-04-03
3363,352,2025-09-25
3364,174,2024-03-02
3365,31,2024-12-30
3366,331,2024-06-06
3367,360,2025-07-03
3368,406,2024-04-19
3369,65,2025-05-14
3370,120,2024-11-20
3371,286,2024-12-21
3372,413,2025-03-25
3373,376,2024-07-16
3374,11,2025-01-21
3375,184,2024-05-17
3376,129,2024-02-10
3377,249,2025-03-24
3378,287,2024-10-28
3379,278,2025-05-16
3380,98,2025-08-03
3381,96,2025-07-10
3382,179,2024-11-27
3383,375,2025-04-24
3384,141,2025-09-05
3385,469,2025-07-21
3386,83,2024-03-11
3387,272,2024-06-07
3388,231,2024-10-29
3389,420,2024-09-26
3390,278,2025-01-10
3391,233,2024-01-01
3392,398,2025-06-02
3393,195,2024-07-08
3394,453,2024-01-20
3395,318,2025-01-07
3396,398,2025-09-27
3397,123,2024-11-24
3398,370,2024-03-05
3399,338,2025-07-05
3400,420,2025-01-31
3401,98,2025-06-20
3402,350,2025-05-24
3403,393,2025-07-18
3404,79,2025-09-19
3405,145,2024-11-26
3406,210,2024-11-25
3407,57,2024-04-08
3408,268,2024-03-09
3409,23,2024-05-12
3410,92,2024-02-02
3411,104,2024-04-19
3412,249,2024-07-15
3413,51,2024-02-02
3414,293,2025-02-01
3415,337,2025-05-16
3416,270,2025-09-30
3417,360,2025-08-27
3418,132,2024-02-20
3419,188,2024-08-14
3420,311,2024-03-13
3421,7,2024-08-01
3422,336,2025-05-18
3423,476,2024-03-22
3424,240,2024-03-03
3425,185,2025-07-25
3426,381,2025-03-01
3427,421,2025-01-12
3428,407,2024-02-29
3429,422,2025-09-23
3430,137,2025-06-25
3431,21,2024-03-13
3432,428,2024-11-07
3433,40,2024-08-09
3434,492,2025-06-15
3435,50,2024-04-13
3436,372,2024-08-24
3437,273,2025-01-29
3438,98,2024-07-16
3439,270,2024-09-11
3440,292,2024-07-02
3441,286,2025-07-25
3442,213,2024-04-18
3443,393,2025-08-13
3444,184,2025-04-14
3445,360,2025-03-13
3446,453,2024-04-16
3447,86,2024-07-03
3448,282,2025-02-15
3449,259,2024-12-11
3450,337,2024-06-10
3451,274,2025-09-06
3452,227,2024-12-26
3453,463,2024-11-18
3454,282,2024-11-28
3455,433,2025-01-15
3456,212,2025-03-16
3457,423,2024-11-27
3458,312,2024-09-03
3459,289,2025-07-12
3460,110,2025-01-19
3461,393,2025-07-17
3462,475,2024-09-17
3463,185,2025-04-08
3464,230,2025-02-10
3465,1,2024-02-05
3466,146,2025-09-02
3467,9,2025-06-14
3468,70,2024-11-05
3469,4,2024-11-03
3470,114,2024-08-07
3471,439,2024-11-18
3472,12,2024-10-09
3473,471,2025-07-20
3474,262,2025-07-23
3475,293,2025-08-08
3476,80,2024-04-06
3477,20,2025-04-16
3478,183,2024-06-08
3479,71,2024-09-28
3480,188,2025-08-19
3481,128,2024-08-26
3482,132,2024-11-03
3483,48,2025-08-07
3484,205,2025-08-05
3485,470,2024-08-10
3486,376,2024-03-20
3487,371,2024-11-28
3488,406,2025-05-09
3489,89,2025-05-14
3490,423,2025-08-13
3491,420,2024-04-07
3492,305,2024-11-03
3493,20,2025-08-13
3494,196,2024-03-21
3495,400,2024-02-27
3496,472,2024-12-08
3497,179,2025-03-20
3498,214,2024-05-03
3499,446,2024-08-20
